😀	cheerful	cheery	face	grin	grinning	happy	laugh	nice	smile	smiling	teeth	grinning face	スマイル	ナイス	にっこり	にっこり笑う	ハッピー	笑う	笑顔	顔
😃	awesome	big	eyes	face	grin	grinning	happy	mouth	open	smile	smiling	teeth	yay	grinning face with big eyes	スマイル	ハッピー	わーい	口を開けた笑顔	笑顔	顔
😄	eye	eyes	face	grin	grinning	happy	laugh	lol	mouth	open	smile	smiling	grinning face with smiling eyes	スマイル	ハッピー	わーい	笑顔	顔
😁	beaming	eye	eyes	face	grin	grinning	happy	nice	smile	smiling	teeth	beaming face with smiling eyes	スマイル	ナイス	にやっと笑う	ハッピー	笑う	笑顔	顔
😆	closed	eyes	face	grinning	haha	hahaha	happy	laugh	lol	mouth	open	rofl	smile	smiling	squinting	grinning squinting face	あはは	うけるね	きゃー	スマイル	嬉しい	満足	笑	笑顔	顔
😅	cold	dejected	excited	face	grinning	mouth	nervous	open	smile	smiling	stress	stressed	sweat	grinning face with sweat	スマイル	とほほ	冷や汗	冷や汗笑顔	汗	笑顔	顔
🤣	crying	face	floor	funny	haha	happy	hehe	hilarious	joy	laugh	lmao	lol	rofl	roflmao	rolling	tear	rolling on the floor laughing	あはは	うけるね	スマイル	泣き笑い	涙	爆笑	笑い転げる	笑う	笑顔	顔
😂	crying	face	feels	funny	haha	happy	hehe	hilarious	joy	laugh	lmao	lol	rofl	roflmao	tear	face with tears of joy	あはは	スマイル	大笑い	嬉し泣き	泣き笑い	涙	爆笑	笑う	笑顔	顔
🙂	face	happy	slightly	smile	smiling	slightly smiling face	スマイル	ハッピー	ほほえみ	微笑み	微笑む	笑顔	顔
🙃	face	hehe	smile	upside-down	upside-down face	さかさま	さかさまの顔	笑顔	顔
🫠	disappear	dissolve	embarrassed	face	haha	heat	hot	liquid	lol	melt	melting	sarcasm	sarcastic	melting face	とろける	暑い	液体	溶けそう	溶けている顔	溶ける	顔
😉	face	flirt	heartbreaker	sexy	slide	tease	wink	winking	winks	winking face	ウィンク	ウインク	ウィンクする顔	顔
😊	blush	eye	eyes	face	glad	satisfied	smile	smiling	smiling face with smiling eyes	スマイル	にこにこ	微笑み	満足	目を細める	頬を赤らめる	顔
😇	angel	angelic	angels	blessed	face	fairy	fairytale	fantasy	halo	happy	innocent	peaceful	smile	smiling	spirit	tale	smiling face with halo	スマイル	ハッピー	天使の輪	天使の輪がついた笑顔	平和	笑顔	顔
🥰	3	adore	crush	face	heart	hearts	ily	love	romance	smile	smiling	you	smiling face with hearts	ハート	ハートの笑顔	メロメロ	ラブ	夢中	愛してる	笑顔	顔
😍	143	bae	eye	face	feels	heart-eyes	hearts	ily	kisses	love	romance	romantic	smile	xoxo	smiling face with heart-eyes	スマイル	ハート	ラブ	大好き	目がハートの笑顔	笑顔	顔
🤩	excited	eyes	face	grinning	smile	star	star-struck	starry-eyed	wow	スマイル	わーい	星	目が星の笑顔	笑顔	顔
😘	adorbs	bae	blowing	face	flirt	heart	ily	kiss	love	lover	miss	muah	romantic	smooch	xoxo	you	face blowing a kiss	キス	ちゅっ	ハート	投げキッス	顔
😗	143	date	dating	face	flirt	ily	kiss	love	smooch	smooches	xoxo	you	kissing face	キス	ちゅっ	デート	顔
☺️	face	happy	outlined	relaxed	smile	smiling	smiling face	スマイリー	スマイル	ハッピー	ほっ	笑顔	顔
😚	143	bae	blush	closed	date	dating	eye	eyes	face	flirt	ily	kisses	kissing	smooches	xoxo	kissing face with closed eyes	キス	ちゅっ	デート	目を閉じてキス	目を閉じる	顔
😙	143	closed	date	dating	eye	eyes	face	flirt	ily	kiss	kisses	kissing	love	night	smile	smiling	kissing face with smiling eyes	キス	スマイル	ちゅっ	にっこりキス	笑顔	顔
🥲	face	glad	grateful	happy	joy	pain	proud	relieved	smile	smiley	smiling	tear	touched	smiling face with tear	じーん	嬉し涙の顔	感動	感激	泣く	涙	顔
😋	delicious	eat	face	food	full	hungry	savor	smile	smiling	tasty	um	yum	yummy	face savoring food	うまい	おいしい	おいしそう	スマイル	にこにこぺろり	ぺろり	笑顔	腹ぺこ	顔
😛	awesome	cool	face	nice	party	stuck-out	sweet	tongue	face with tongue	べー	べろ	甘い	舌	舌を出した顔	顔
😜	crazy	epic	eye	face	funny	joke	loopy	nutty	party	stuck-out	tongue	wacky	weirdo	wink	winking	yolo	winking face with tongue	あっかんべー	ウィンク	ジョーク	べー	冗談	舌	顔
🤪	crazy	eye	eyes	face	goofy	large	small	zany	zany face	おかしい	ジョーク	ふざけ	ふざけた顔	顔
😝	closed	eye	eyes	face	gross	horrible	omg	squinting	stuck-out	taste	tongue	whatever	yolo	squinting face with tongue	べー	べろ	わーい	味見	目を閉じてべー	舌	顔
🤑	face	money	money-mouth	mouth	paid	money-mouth face	お金	お金の顔	べー	べろ	舌	顔
🤗	face	hands	hug	hugging	open	smiling	smiling face with open hands	スマイル	ハグ	笑顔	顔
🤭	face	giggle	giggling	hand	mouth	oops	realization	secret	shock	sudden	surprise	whoops	face with hand over mouth	おっと	クスクス	スマイル	内緒	口に手を当てた顔	笑顔	顔
🫢	amazement	awe	disbelief	embarrass	eyes	face	gasp	hand	mouth	omg	open	over	quiet	scared	shock	surprise	face with open eyes and hand over mouth	おそれ	おののき	びっくり	目を開けて口に手を当てた顔	静かに	顔	驚き
🫣	captivated	embarrass	eye	face	hide	hiding	peek	peeking	peep	scared	shy	stare	face with peeking eye	こわごわ	ちらっ	のぞき見	指の間からのぞき見る顔	盗み見	顔
🤫	face	quiet	shh	shush	shushing	shushing face	しー	しーっ	シーッ	しっ	静かに	顔
🤔	chin	consider	face	hmm	ponder	pondering	thinking	wondering	thinking face	うーん	考える	考える顔	考え中	顎に手	顔
🫡	face	good	luck	ma’am	OK	respect	salute	saluting	sir	troops	yes	saluting face	オーケー	了解	敬礼	敬礼する顔	軍隊	顔
🤐	face	keep	mouth	quiet	secret	shut	zip	zipper	zipper-mouth	zipper-mouth face	チャック	内緒	口	口チャック	秘密	顔
🤨	disapproval	disbelief	distrust	emoji	eyebrow	face	hmm	mild	raised	skeptic	skeptical	skepticism	surprise	what	face with raised eyebrow	不審	疑い	眉を上げた顔	顔	驚き
😐	awkward	blank	deadpan	expressionless	face	fine	jealous	meh	neutral	oh	shade	straight	unamused	unhappy	unimpressed	whatever	neutral face	ポーカーフェイス	無表情	笑えない	顔
😑	awkward	dead	expressionless	face	fine	inexpressive	jealous	meh	not	oh	omg	straight	uh	unhappy	unimpressed	whatever	expressionless face	ふーん	やきもち	無感情	無表情	顔
😶	awkward	blank	expressionless	face	mouth	mouthless	mute	quiet	secret	silence	silent	speechless	face without mouth	だんまり	口なし	口のない顔	沈黙	無表情	無言	顔
🫥	depressed	disappear	dotted	face	hidden	hide	introvert	invisible	line	meh	whatever	wtv	dotted line face	どうでもいい	ふーん	内向的	内気	憂鬱	点線の顔	落胆	顔
😶‍🌫️	absentminded	clouds	face	fog	head	face in clouds	うわの空	ぼんやり	夢中	放心状態	雲の中の顔	顔
😏	boss	dapper	face	flirt	homie	kidding	leer	shade	slick	sly	smirk	smug	snicker	suave	suspicious	swag	smirking face	にやり	ふっ	薄笑いをする顔	顔
😒	...	bored	face	fine	jealous	jel	jelly	pissed	smh	ugh	uhh	unamused	unhappy	weird	whatever	unamused face	ジト目	しらけ	しらけた	しらける	つまらない	やきもち	不満	顔
🙄	eyeroll	eyes	face	rolling	shade	ugh	whatever	face with rolling eyes	あきれた	うーん	上を見る顔	上目	目をむく	顔
😬	awk	awkward	dentist	face	grimace	grimacing	grinning	smile	smiling	grimacing face	いー	しかめっ面	しかめ面	しかめ顔	顔
😮‍💨	blow	blowing	exhale	exhaling	exhausted	face	gasp	groan	relief	sigh	smiley	smoke	whisper	whistle	face exhaling	あきらめ	ため息	ほっとした	安心	息を吐く顔	息切れ	疲れた	顔
🤥	face	liar	lie	lying	pinocchio	lying face	うそつきの顔	ピノキオの顔	嘘	嘘つき	顔
🫨	crazy	daze	earthquake	face	omg	panic	shaking	shock	surprise	vibrate	whoa	wow	shaking face	ガーン	ショック	なんてこった	パニック	ビックリ	まいった	地震	振動	震えている	顔	震えている顔
🙂‍↔️	head	horizontally	no	shake	shaking	head shaking horizontally	いいえ	不賛成	顔	首を振る	首を横に振る
🙂‍↕️	head	nod	shaking	vertically	yes	head shaking vertically	はい	頷く	顔	首を振る	首を縦に振る
😌	calm	face	peace	relief	relieved	zen	relieved face	ほっ	ほっとした顔	安心	顔
😔	awful	bored	dejected	died	disappointed	face	losing	lost	pensive	sad	sucks	pensive face	がっかり	しょぼーん	しょんぼり	悲しい	考え込む顔	顔
😪	crying	face	good	night	sad	sleep	sleeping	sleepy	tired	sleepy face	寝る	疲れた	眠い	眠そうな顔	眠っている顔	眠る	顔
🤤	drooling	face	drooling face	よだれ	よだれを垂らした顔	顔
😴	bed	bedtime	face	good	goodnight	nap	night	sleep	sleeping	tired	whatever	yawn	zzz	sleeping face	おやすみ	グーグー	寝る	寝顔	眠い	眠る	顔
🫩	bags	bored	exhausted	eyes	face	fatigued	late	sleepy	tired	weary	face with bags under eyes	クマ	徹夜	疲れた	眠い	顔	目にクマがある顔
😷	cold	dentist	dermatologist	doctor	dr	face	germs	mask	medical	medicine	sick	face with medical mask	ドクター	マスク	マスク顔	医師	歯科医	病気	花粉症	顔	風邪
🤒	face	ill	sick	thermometer	face with thermometer	体温計	熱がある顔	熱を測る	病気	顔	風邪
🤕	bandage	face	head-bandage	hurt	injury	ouch	face with head-bandage	ケガ	ケガしてる顔	包帯	包帯を巻いた顔	痛い	顔
🤢	face	gross	nasty	nauseated	sick	vomit	nauseated face	具合の悪い顔	吐きそう	吐き気を催している顔	気持ち悪い	病気	顔
🤮	barf	ew	face	gross	puke	sick	spew	throw	up	vomit	vomiting	face vomiting	げろ	吐く	嘔吐する顔	気持ち悪い	病気	顔
🤧	face	fever	flu	gesundheit	sick	sneeze	sneezing	sneezing face	くしゃみ	くしゃみする顔	花粉症	顔	風邪
🥵	dying	face	feverish	heat	hot	panting	red-faced	stroke	sweating	tongue	hot face	暑い顔	暑さ	死にそう	汗	熱中症	発熱	舌を出した顔	赤い顔
🥶	blue	blue-faced	cold	face	freezing	frostbite	icicles	subzero	teeth	cold face	しもやけ	つらら	凍え	寒い顔	寒さ	氷点下	青	青い顔	顔
🥴	dizzy	drunk	eyes	face	intoxicated	mouth	tipsy	uneven	wavy	woozy	woozy face	うつろな目	ふらふらの顔	べろんべろん	ほろ酔い	めまい	中毒
😵	crossed-out	dead	dizzy	eyes	face	feels	knocked	out	sick	tired	face with crossed-out eyes	ふらふら	めまい	疲れた	病気	顔
😵‍💫	confused	dizzy	eyes	face	hypnotized	omg	smiley	spiral	trouble	whoa	woah	woozy	face with spiral eyes	くらくら	ふらふら	めまい	渦巻き	目がぐるぐる	目が回る	目を回した顔
🤯	blown	explode	exploding	head	mind	mindblown	no	shocked	way	exploding head	ショック	びっくり	ぼんっ	爆発	頭爆発	顔	驚き
🤠	cowboy	cowgirl	face	hat	cowboy hat face	カウガール	カウボーイ	カウボーイの顔	帽子	顔
🥳	bday	birthday	celebrate	celebration	excited	face	happy	hat	hooray	horn	party	partying	partying face	おめでとう	お祝い	パーティー	パーティーの顔	ハッピーバースデー	帽子	笑顔	笛	誕生日
🥸	disguise	eyebrow	face	glasses	incognito	moustache	mustache	nose	person	spy	tache	tash	disguised face	ひげ	メガネ	仮装	口ひげ	変装	変装した顔	顔
😎	awesome	beach	bright	bro	chilling	cool	face	rad	relaxed	shades	slay	smile	style	sunglasses	swag	win	smiling face with sunglasses	クール	サングラス	サングラスで笑顔	スマイル	眼鏡	笑顔	顔
🤓	brainy	clever	expert	face	geek	gifted	glasses	intelligent	nerd	smart	nerd face	エキスパート	オタク	ガリ勉	マニア	メガネ	優等生	利口	知的	秀才	顔
🧐	classy	face	fancy	monocle	rich	stuffy	wealthy	face with monocle	メガネ	モノクルを付けた顔	上品	片眼鏡	考える	顔
😕	befuddled	confused	confusing	dunno	face	frown	hm	meh	not	sad	sorry	sure	confused face	しかめ面	ふーん	わからない	困惑	混乱	顔
🫤	confused	confusion	diagonal	disappointed	doubt	doubtful	face	frustrated	frustration	meh	mouth	skeptical	unsure	whatever	wtv	face with diagonal mouth	不信	不満	口が斜めの顔	困惑	無気力	無関心	顔
😟	anxious	butterflies	face	nerves	nervous	sad	stress	stressed	surprised	worried	worry	worried face	困った	心配	悩む顔	悲しい	顔
🙁	face	frown	frowning	sad	slightly	slightly frowning face	しかめ面	困った	少し困った	少し困った顔	顔
☹️	face	frown	frowning	sad	frowning face	しかめ面	困った	困った顔	悲しい	顔
😮	believe	face	forgot	mouth	omg	open	shocked	surprised	sympathy	unbelievable	unreal	whoa	wow	you	face with open mouth	へー	信じられない	共感	口が開いた顔	顔	驚き
😯	epic	face	hushed	omg	stunned	surprised	whoa	woah	hushed face	すごいね	びっくり	びっくり顔	ぽかーん	顔	驚き
😲	astonished	cost	face	no	omg	shocked	totally	way	astonished face	えーっ	びっくり	びっくりした顔	まさか	顔	驚き	驚愕
😳	amazed	awkward	crazy	dazed	dead	disbelief	embarrassed	face	flushed	geez	heat	hot	impressed	jeez	what	wow	flushed face	えーっ	とまどい	赤くなる	赤面	顔	驚き
🫪	anxiety	bloated	panic	shocked	surprised	vulnerable	distorted face	あぜん	ショック	ぼう然	不安	膨れた	驚いた	ゆがんだ顔
🥺	begging	big	eyes	face	mercy	not	pleading	please	pretty	puppy	sad	why	pleading face	お願い	ぴえん	大きな目	子犬の目	悲しみ	情け	懇願	訴えるような顔	顔
🥹	admiration	aww	back	cry	embarrassed	face	feelings	grateful	gratitude	holding	joy	please	proud	resist	sad	tears	face holding back tears	うるうる	嬉し泣き	懇願	泣き顔	涙	涙をこらえた顔	顔
😦	caught	face	frown	frowning	guard	mouth	open	scared	scary	surprise	what	wow	frowning face with open mouth	あきれ顔	しかめ面	しかめ顔	ぽかーん	不本意	不満	口を開けた顔	呆然	顔	驚き
😧	anguished	face	forgot	scared	scary	stressed	surprise	unhappy	what	wow	anguished face	困った顔	苦悩	苦悶	顔	驚き
😨	afraid	anxious	blame	face	fear	fearful	scared	worried	fearful face	がーん	不安	怖い	青ざめ	青ざめた顔	顔
😰	anxious	blue	cold	eek	face	mouth	nervous	open	rushed	scared	sweat	yikes	anxious face with sweat	冷や汗	冷や汗青ざめ	寒い	汗	青い顔	青ざめ	顔
😥	anxious	call	close	complicated	disappointed	face	not	relieved	sad	sweat	time	whew	sad but relieved face	どうしよう	困った	汗	顔
😢	awful	cry	crying	face	feels	miss	sad	tear	triste	unhappy	crying face	ひどい	寂しい	悲しい	泣き顔	泣く	涙	顔
😭	bawling	cry	crying	face	loudly	sad	sob	tear	tears	unhappy	loudly crying face	号泣	号泣する顔	大泣き	悲しい	泣く	涙	顔
😱	epic	face	fear	fearful	munch	scared	scream	screamer	screaming	shocked	surprised	woah	face screaming in fear	がーん	ショック	叫び	叫んでいる顔	恐怖	顔	驚き
😖	annoyed	confounded	confused	cringe	distraught	face	feels	frustrated	mad	sad	confounded face	困った	困惑	困惑した顔	混乱	顔
😣	concentrate	concentration	face	focus	headache	persevere	persevering	persevering face	我慢	我慢する顔	頭痛	顔
😞	awful	blame	dejected	disappointed	face	fail	losing	sad	unhappy	disappointed face	がっかり	がっくり	失望した顔	悲しい	残念	顔
😓	close	cold	downcast	face	feels	headache	nervous	sad	scared	sweat	yikes	downcast face with sweat	さむけ	冷や汗	汗	肝を冷やした	頭痛	顔
😩	crying	face	fail	feels	hungry	mad	nooo	sad	sleepy	tired	unhappy	weary	weary face	あきらめ	へとへと	泣き顔	疲れ	腹ぺこ	顔
😫	cost	face	feels	nap	sad	sneeze	tired	tired face	くしゃみ	疲れ	疲れた	疲れた顔	限界	顔
🥱	bedtime	bored	face	goodnight	nap	night	sleep	sleepy	tired	whatever	yawn	yawning	zzz	yawning face	あくびした顔	おやすみ	ふあ～	疲れ	眠い	退屈	顔
😤	anger	angry	face	feels	fume	fuming	furious	fury	mad	nose	steam	triumph	unhappy	won	face with steam from nose	ふんっ	勝ち誇った顔	得意気	怒り	顔	鼻息
😡	anger	angry	enraged	face	feels	mad	maddening	pouting	rage	red	shade	unhappy	upset	enraged face	かんかん	ふくれっ面	ぷんぷん	怒り	激怒	赤い顔	顔
😠	anger	angry	blame	face	feels	frustrated	mad	maddening	rage	shade	unhappy	upset	angry face	ぷんぷん	不満	怒った	怒った顔	怒り	顔
🤬	censor	cursing	cussing	face	mad	mouth	pissed	swearing	symbols	face with symbols on mouth	シンボルが口にある顔	ののしり	ののしる	怒り	悪口	検閲	顔
😈	demon	devil	evil	face	fairy	fairytale	fantasy	horns	purple	shade	smile	smiling	tale	smiling face with horns	スマイル	デビル	悪魔	笑った悪魔	笑顔	角	顔
👿	angry	demon	devil	evil	face	fairy	fairytale	fantasy	horns	imp	mischievous	purple	shade	tale	angry face with horns	かんかん	デビル	怒った悪魔	悪魔	激怒	角	顔
💀	body	dead	death	face	fairy	fairytale	i’m	lmao	monster	skull	tale	yolo	スカル	ドクロ	死	死者	頭蓋骨	顔	骸骨
☠️	bone	crossbones	dead	death	face	monster	skull	skull and crossbones	スカル	ドクロ	ドクロと骨	死	顔	骨	骸骨
💩	bs	comic	doo	dung	face	fml	monster	pile	poo	poop	smelly	smh	stink	stinks	stinky	turd	pile of poo	うんこ	うんち	臭い	顔
🤡	clown	face	clown face	ピエロ	ピエロの顔	道化師	顔
👹	creature	devil	face	fairy	fairytale	fantasy	mask	monster	ogre	scary	tale	お面	なまはげ	化け物	怖い	顔	鬼
👺	angry	creature	face	fairy	fairytale	fantasy	goblin	mask	mean	monster	tale	お面	天狗	怒り
👻	boo	creature	excited	face	fairy	fairytale	fantasy	ghost	halloween	haunting	monster	scary	silly	tale	お化け	ゴースト	ハロウィーン	ユーレイ	幽霊	怖い
👽	alien	creature	extraterrestrial	face	fairy	fairytale	fantasy	monster	space	tale	ufo	UFO	エイリアン	ユーフォー	宇宙人	異星人	顔
👾	alien	creature	extraterrestrial	face	fairy	fairytale	fantasy	game	gamer	games	monster	pixelated	space	tale	ufo	alien monster	インベーダー	エイリアン	ゲーム	スペースインベーダー	モンスター	宇宙人	異星人
🤖	face	monster	robot	ロボット	ロボットの顔	顔
😺	animal	cat	face	grinning	mouth	open	smile	smiling	grinning cat	スマイル	にっこり笑う猫	動物	猫	笑顔	顔
😸	animal	cat	eye	eyes	face	grin	grinning	smile	smiling	grinning cat with smiling eyes	スマイル	にやっと笑う猫	動物	猫	笑う	笑顔	顔
😹	animal	cat	face	joy	laugh	laughing	lol	tear	tears	cat with tears of joy	スマイル	動物	嬉し泣きする猫	涙	爆笑	猫	笑顔	顔
😻	animal	cat	eye	face	heart	heart-eyes	love	smile	smiling	smiling cat with heart-eyes	スマイル	ハート	動物	猫	目がハートの猫	笑顔	顔
😼	animal	cat	face	ironic	smile	wry	cat with wry smile	にやり	にやりとする猫	ふっ	動物	猫	顔
😽	animal	cat	closed	eye	eyes	face	kiss	kissing	kissing cat	キス	ちゅっ	動物	猫	猫のキス	顔
🙀	animal	cat	face	oh	surprised	weary	weary cat	がーん	ショック	びっくり	動物	猫	絶望する猫	顔
😿	animal	cat	cry	crying	face	sad	tear	crying cat	動物	悲しい	泣いている猫	泣く	涙	猫	顔
😾	animal	cat	face	pouting	pouting cat	ぷんぷん	不機嫌	不機嫌な猫	動物	猫	顔
🙈	embarrassed	evil	face	forbidden	forgot	gesture	hide	monkey	no	omg	prohibited	scared	secret	smh	watch	see-no-evil monkey	三猿	動物	猿	目隠し	見ざる	隠す
🙉	animal	ears	evil	face	forbidden	gesture	hear	listen	monkey	no	not	prohibited	secret	shh	tmi	hear-no-evil monkey	三猿	猿	秘密	聞かざる
🙊	animal	evil	face	forbidden	gesture	monkey	no	not	oops	prohibited	quiet	secret	speak	stealth	speak-no-evil monkey	三猿	内緒	黙る	猿	秘密	言わざる
💌	heart	letter	love	mail	romance	valentine	love letter	ハート	バレンタインデー	ラブレター	封筒	恋文	手紙
💘	143	adorbs	arrow	cupid	date	emotion	heart	ily	love	romance	valentine	heart with arrow	キューピッド	ハート	ハートに矢	矢
💝	143	anniversary	emotion	heart	ily	kisses	ribbon	valentine	xoxo	heart with ribbon	ハート	ハートにリボン	バレンタインデー	リボン	記念日
💖	143	emotion	excited	good	heart	ily	kisses	morning	night	sparkle	sparkling	xoxo	sparkling heart	きらきら	キラキラ	きらきらハート	ハート
💗	143	emotion	excited	growing	heart	heartpulse	ily	kisses	muah	nervous	pulse	xoxo	growing heart	ドキドキ	ときめき	ハート	大きくなるハート
💓	143	beating	cardio	emotion	heart	heartbeat	ily	love	pulsating	pulse	beating heart	ドキドキ	ドキドキするハート	ハート	動悸	鼓動
💞	143	adorbs	anniversary	emotion	heart	hearts	revolving	revolving hearts	かわいい	ハート	回転するハート
💕	143	anniversary	date	dating	emotion	heart	hearts	ily	kisses	love	loving	two	xoxo	two hearts	2つのハート	デート	ハート	ラブ	記念日
💟	143	decoration	emotion	heart	hearth	purple	white	heart decoration	ハート	ハートデコ	ハートデコレーション	白いハート	紫のハート
❣️	exclamation	heart	heavy	mark	punctuation	heart exclamation	エクスクラメーションマーク	ハート	ハートのびっくり	びっくりマーク
💔	break	broken	crushed	emotion	heart	heartbroken	lonely	sad	broken heart	ハート	ハートブレイク	別れ	別れた	割れたハート	壊れたハート	失恋
❤️‍🔥	burn	fire	heart	love	lust	sacred	heart on fire	ハート	愛	火の付いた	炎	燃えるハート	聖なる心臓
❤️‍🩹	healthier	heart	improving	mending	recovering	recuperating	well	mending heart	ケガ	ハート	傷ついた	傷心	包帯	包帯を巻いたハート
❤️	emotion	heart	love	red	red heart	ハート	愛	赤	赤いハート
🩷	143	adorable	cute	emotion	heart	ily	like	love	pink	special	sweet	pink heart	かわいい	スペシャル	ハート	ピンク	ピンクのハート	ラブ	好き	愛	愛してる	気持ち
🧡	143	heart	orange	orange heart	オレンジ	オレンジのハート	ハート
💛	143	cardiac	emotion	heart	ily	love	yellow	yellow heart	ハート	愛	黄色	黄色いハート	黄色のハート
💚	143	emotion	green	heart	ily	love	romantic	green heart	ハート	緑	緑のハート
💙	143	blue	emotion	heart	ily	love	romance	blue heart	ハート	青	青いハート
🩵	143	blue	cute	cyan	emotion	heart	ily	light	like	love	sky	special	teal	light blue heart	かわいい	シアン	ティールブルー	ハート	ラブ	好き	愛	水色	空色	薄い青	薄い青のハート
💜	143	bestest	emotion	heart	ily	love	purple	purple heart	ハート	愛	紫	紫のハート
🤎	143	brown	heart	brown heart	ハート	茶色	茶色いハート
🖤	black	evil	heart	wicked	black heart	ハート	悪意	黒	黒いハート
🩶	143	emotion	gray	grey	heart	ily	love	silver	slate	special	grey heart	グレー	スレートグレー	ハート	ラブ	好き	愛	灰色	灰色のハート	銀色
🤍	143	heart	white	white heart	ハート	白	白いハート
💋	dating	emotion	heart	kiss	kissing	lips	mark	romance	sexy	kiss mark	キス	キスマーク	セクシー	ちゅっ	唇
💯	100	a+	agree	clearly	definitely	faithful	fleek	full	hundred	keep	perfect	point	score	TRUE	truth	yup	hundred points	100点	100点満点	全問正解	満点
💢	anger	angry	comic	mad	symbol	upset	anger symbol	＃	マンガ	むかっ	怒った	怒り	怒りマーク
🫯	argument	brawl	debate	disagreement	fight	ruckus	wrestle	fight cloud	ケンカ	バトル	ボカスカ	争い	取っ組み合い	喧嘩	土煙
💥	bomb	boom	collide	collision	comic	explode	どんっ	ぼんっ	マンガ	爆発	衝撃	衝突
💫	comic	dizzy	shining	shooting	star	stars	きらきら	キラキラ	くらくら	星	流れ星	目が回る
💦	comic	drip	droplet	droplets	drops	splashing	squirt	sweat	water	wet	work	workout	sweat droplets	あせあせ	しずく	水滴	汗
💨	away	cloud	comic	dash	dashing	fart	fast	go	gone	gotta	running	smoke	dashing away	ダッシュ	マンガ	急ぐ	急げ	走る	逃げる
🕳️	hole	穴
💬	balloon	bubble	comic	dialog	message	sms	speech	talk	text	typing	speech balloon	セリフ	トーク	マンガ	メッセージ	会話	会話の吹き出し	吹き出し
👁️‍🗨️	balloon	bubble	eye	speech	witness	eye in speech bubble	吹き出し	吹き出しの目	目	目撃
🗨️	balloon	bubble	dialog	left	speech	left speech bubble	セリフ	会話	吹き出し	吹き出し左
🗯️	anger	angry	balloon	bubble	mad	right	right anger bubble	吹き出し	怒り	怒りの吹き出し
💭	balloon	bubble	cartoon	cloud	comic	daydream	decisions	dream	idea	invent	invention	realize	think	thoughts	wonder	thought balloon	マンガ	もくもく	吹き出し	空想	考え事	雲	雲形の吹き出し
💤	comic	good	goodnight	night	sleep	sleeping	sleepy	tired	zzz	ZZZ	いびき	おやすみ	グーグー	マンガ	寝る	就寝中
👋	bye	cya	g2g	greetings	gtg	hand	hello	hey	hi	later	outtie	ttfn	ttyl	wave	yo	you	waving hand	あいさつ	さようなら	バイバイ	ハロー	またね	手	手を振る
🤚	back	backhand	hand	raised	raised back of hand	手	手の甲
🖐️	finger	fingers	hand	raised	splayed	stop	hand with fingers splayed	ストップ	パー	手	挙手	開いた手
✋	5	five	hand	high	raised	stop	raised hand	ストップ	パー	手	挙手
🖖	finger	hand	hands	salute	Vulcan	vulcan salute	バルカンサイン	バルカンの挨拶	バルカン人	手
🫱	hand	handshake	hold	reach	right	rightward	rightwards	shake	rightwards hand	右に向けた手	右側	手	握手	方向
🫲	hand	handshake	hold	left	leftward	leftwards	reach	shake	leftwards hand	左に向けた手	左側	手	握手	方向
🫳	dismiss	down	drop	dropped	hand	palm	pick	shoo	up	palm down hand	下	下に向けた手	手	拾う	落とす
🫴	beckon	catch	come	hand	hold	know	lift	me	offer	palm	tell	palm up hand	おいで	ちょうだい	上	上に向けた手	受ける	差し出す	手
🫷	block	five	halt	hand	high	hold	leftward	leftwards	pause	push	pushing	refuse	slap	stop	wait	leftwards pushing hand	ストップ	ちょっと待って	ハイタッチ	左向き	待った	待て	手	押す	断る	止まれ	左向きに押している手
🫸	block	five	halt	hand	high	hold	pause	push	pushing	refuse	rightward	rightwards	slap	stop	wait	rightwards pushing hand	ストップ	ちょっと待って	ハイタッチ	右向き	待った	待て	手	押す	断る	止まれ	右向きに押している手
👌	awesome	bet	dope	fleek	fosho	got	gotcha	hand	legit	OK	okay	pinch	rad	sure	sweet	three	OK hand	OKの手	オーケー	オッケー	つまむ	手
🤌	fingers	gesture	hand	hold	huh	interrogation	patience	pinched	relax	sarcastic	ugh	what	zip	pinched fingers	ジェスチャー	すぼめる	上向きにすぼめた手	手	指
🤏	amount	bit	fingers	hand	little	pinching	small	sort	pinching hand	ちょっと	つまんでいる指	少しだけ	手	指
✌️	hand	peace	v	victory	victory hand	Vサイン	チョキ	ピース	手	指
🤞	cross	crossed	finger	fingers	hand	luck	crossed fingers	幸運を	手	指	指をクロス
🫰	<3	crossed	expensive	finger	hand	heart	index	love	money	snap	thumb	hand with index finger and thumb crossed	お金	愛	手	指	指ハート	指をクロス	親指と人差し指をクロス
🤟	fingers	gesture	hand	ILY	love	love-you	three	you	love-you gesture	アイラブユー	愛してる	手
🤘	finger	hand	horns	rock-on	sign	sign of the horns	キツネ	ロックオン	人差し指と小指を立てた手	手	角の指サイン
🤙	call	hand	hang	loose	me	Shaka	call me hand	手	電話	電話のジェスチャー	電話の合図
👈	backhand	finger	hand	index	left	point	pointing	backhand index pointing left	左	左指差し	手	指	指差し
👉	backhand	finger	hand	index	point	pointing	right	backhand index pointing right	右	右指差し	手	指	指差し
👆	backhand	finger	hand	index	point	pointing	up	backhand index pointing up	上	手	手の甲上指差し	指	指差し
🖕	finger	hand	middle	middle finger	上	中指	手	指	指差し	立てた中指
👇	backhand	down	finger	hand	index	point	pointing	backhand index pointing down	下	下指差し	手	指	指差し
☝️	finger	hand	index	point	pointing	this	up	index pointing up	上	上指差し	手	指差し
🫵	at	finger	hand	index	pointing	poke	viewer	you	index pointing at the viewer	おまえだ	人を指差している手	手	指	指差し	指摘
👍	+1	good	hand	like	thumb	up	yes	thumbs up	OK	いいね	オーケー	オッケー	グッド	サムズアップ	上	了解	手	親指
👎	-1	bad	dislike	down	good	hand	no	nope	thumb	thumbs	thumbs down	NG	サムズダウン	だめ	ブーイング	ボツ	下	手
✊	clenched	fist	hand	punch	raised	solidarity	raised fist	グー	げんこつ	こぶし	手	挙げたこぶし
👊	absolutely	agree	boom	bro	bruh	bump	clenched	correct	fist	hand	knuckle	oncoming	pound	punch	rock	ttyl	oncoming fist	グー	げんこつ	こぶし	パンチ	手
🤛	fist	left-facing	leftwards	left-facing fist	こぶし	パンチ	左	左向きのこぶし	手
🤜	fist	right-facing	rightwards	right-facing fist	こぶし	パンチ	右	右向きのこぶし	手
👏	applause	approval	awesome	clap	congrats	congratulations	excited	good	great	hand	homie	job	nice	prayed	well	yay	clapping hands	おめでとう	パチパチ	手	手を叩く	拍手
🙌	celebration	gesture	hand	hands	hooray	praise	raised	raising	raising hands	ジェスチャー	バンザイ	両手	手	手を上げる
🫶	<3	hands	heart	love	you	heart hands	ハート	ハートポーズ	ハート形の手	ラブ	両手ハート	愛	手
👐	hand	hands	hug	jazz	open	swerve	open hands	おっはー	両手のひら	手	手のひら	開いた両手
🤲	cupped	dua	hands	palms	pray	prayer	together	up	wish	palms up together	両手	包む手	手	手のひらを揃えた両手	祈り
🤝	agreement	deal	hand	handshake	meeting	shake	よろしく	合意	契約成立	手	握手
🙏	appreciate	ask	beg	blessed	bow	cmon	five	folded	gesture	hand	high	please	pray	thanks	thx	folded hands	ありがとう	お願い	ごめんなさい	ジェスチャー	ハイタッチ	合掌	手	祈り
✍️	hand	write	writing	writing hand	手	手で書く	手書き	書いている手
💅	bored	care	cosmetics	done	makeup	manicure	nail	polish	whatever	nail polish	ネイル	マニキュア	マニキュアを塗る手	爪
🤳	camera	phone	selfie	カメラ	スマホ	セルフィー	自分撮り	自撮り
💪	arm	beast	bench	biceps	bodybuilder	bro	curls	flex	gains	gym	jacked	muscle	press	ripped	strong	weightlift	flexed biceps	ボディビル	ムキムキ	力こぶ	筋トレ	筋肉	腕
🦾	accessibility	arm	mechanical	prosthetic	mechanical arm	アクセシビリティ	人工装具	手	義手	腕
🦿	accessibility	leg	mechanical	prosthetic	mechanical leg	アクセシビリティ	人工装具	義足	脚	足
🦵	bent	foot	kick	knee	leg	limb	キック	曲げた脚	脚	膝	足
🦶	ankle	feet	foot	kick	stomp	キック	くるぶし	ダンス	足	足首	踏みつける
👂	body	ear	ears	hear	hearing	listen	listening	sound	からだ	耳	聞き耳	聞く
🦻	accessibility	aid	ear	hard	hearing	ear with hearing aid	アクセシビリティ	耳	聴覚	補聴器を付けた耳	難聴
👃	body	nose	noses	nosey	odor	smell	smells	からだ	鼻
🧠	brain	intelligent	smart	知識	脳	脳みそ	頭
🫀	anatomical	beat	cardiology	heart	heartbeat	organ	pulse	real	red	anatomical heart	心拍	心臓	脈	臓器	鼓動
🫁	breath	breathe	exhalation	inhalation	lung	lungs	organ	respiration	呼吸	肺	臓器
🦷	dentist	pearly	teeth	tooth	white	歯	歯医者	白い歯
🦴	bone	bones	dog	skeleton	wishbone	犬	骨	骨格
👀	body	eye	eyes	face	googly	look	looking	omg	peep	see	seeing	からだ	両目	動く目玉	目
👁️	1	body	eye	one	からだ	一つ目	片目	目
👅	body	lick	slurp	tongue	からだ	べー	べろ	舌
👄	beauty	body	kiss	kissing	lips	lipstick	mouth	からだ	キス	口	唇
🫦	anxious	bite	biting	fear	flirt	flirting	kiss	lip	lipstick	nervous	sexy	uncomfortable	worried	worry	biting lip	セクシー	チッ	口	口惜しさ	唇	唇を咬んでいる口	悔しい	誘惑
👶	babies	baby	children	goo	infant	newborn	pregnant	young	ベビー	子供	新生児	赤ちゃん	赤ん坊	顔
🧒	bright-eyed	child	grandchild	kid	young	younger	キッズ	中性的	子ども	子供	顔
👦	boy	bright-eyed	child	grandson	kid	son	young	younger	子供	少年	男の子	顔
👧	bright-eyed	child	daughter	girl	granddaughter	kid	Virgo	young	younger	zodiac	おさげ	女	女の子	娘	子供	少女	顔
🧑	adult	person	中性的	大人	成人	顔
👱	blond	blond-haired	human	person	person: blond hair	ブロンド	人	人間	金髪	金髪の人	顔
👨	adult	bro	man	大人	男	男性	顔
🧔	beard	bearded	person	whiskers	person: beard	あごひげ	あごひげの人	ひげ	人	顔
🧔‍♂️	beard	bearded	man	whiskers	man: beard	あごひげ	あごひげの男性	ひげ	男	顔
🧔‍♀️	beard	bearded	whiskers	woman	woman: beard	あごひげ	あごひげの女性	ひげ	女	顔
👨‍🦰	adult	bro	man	red hair	man: red hair	大人	男	男性	赤毛	顔	男性: 赤毛
👨‍🦱	adult	bro	curly hair	man	man: curly hair	大人	巻き毛	男	男性	顔	男性: 巻き毛
👨‍🦳	adult	bro	man	white hair	man: white hair	大人	男	男性	白髪	顔	男性: 白髪
👨‍🦲	adult	bald	bro	man	man: bald	はげ頭	大人	男	男性	顔	男性: はげ頭
👩	adult	lady	woman	大人	女	女性	顔
👩‍🦰	adult	lady	red hair	woman	woman: red hair	大人	女	女性	赤毛	顔	女性: 赤毛
🧑‍🦰	adult	person	red hair	person: red hair	中性的	大人	成人	赤毛	顔	大人: 赤毛
👩‍🦱	adult	curly hair	lady	woman	woman: curly hair	大人	女	女性	巻き毛	顔	女性: 巻き毛
🧑‍🦱	adult	curly hair	person	person: curly hair	中性的	大人	巻き毛	成人	顔	大人: 巻き毛
👩‍🦳	adult	lady	white hair	woman	woman: white hair	大人	女	女性	白髪	顔	女性: 白髪
🧑‍🦳	adult	person	white hair	person: white hair	中性的	大人	成人	白髪	顔	大人: 白髪
👩‍🦲	adult	bald	lady	woman	woman: bald	はげ頭	大人	女	女性	顔	女性: はげ頭
🧑‍🦲	adult	bald	person	person: bald	はげ頭	中性的	大人	成人	顔	大人: はげ頭
👱‍♀️	blond	blond-haired	blonde	hair	woman	woman: blond hair	ブロンド	女	女性	金髪	金髪の女性
👱‍♂️	blond	blond-haired	hair	man	man: blond hair	ブロンド	男	男性	金髪	金髪の男性
🧓	adult	elderly	grandparent	old	person	wise	older person	お年寄り	中性的	大人	老人	顔	高齢者
👴	adult	bald	elderly	gramps	grandfather	grandpa	man	old	wise	old man	おじいさん	おじいちゃん	お年寄り	男性	老人	薄毛	顔	高齢者
👵	adult	elderly	grandma	grandmother	granny	lady	old	wise	woman	old woman	おばあさん	おばあちゃん	お年寄り	女性	老人	顔	高齢者
🙍	annoyed	disappointed	disgruntled	disturbed	frown	frowning	frustrated	gesture	irritated	person	upset	person frowning	しかめっ面	しかめ面の人	しかめ顔	むっとしている人	不満	失望
🙍‍♂️	annoyed	disappointed	disgruntled	disturbed	frown	frowning	frustrated	gesture	irritated	man	upset	man frowning	しかめっ面	しかめ面の男	しかめ顔	むっとしている男	男	男性
🙍‍♀️	annoyed	disappointed	disgruntled	disturbed	frown	frowning	frustrated	gesture	irritated	upset	woman	woman frowning	しかめっ面	しかめ面の女	しかめ顔	女	女性
🙎	disappointed	downtrodden	frown	grimace	person	pouting	scowl	sulk	upset	whine	person pouting	ふくれる	ぷんぷん	不機嫌	不機嫌な人	口を尖らせた人	険しい表情
🙎‍♂️	disappointed	downtrodden	frown	grimace	man	pouting	scowl	sulk	upset	whine	man pouting	ぷんぷん	不機嫌	不機嫌な男	口を尖らせた男	男	男性
🙎‍♀️	disappointed	downtrodden	frown	grimace	pouting	scowl	sulk	upset	whine	woman	woman pouting	ぷんぷん	不機嫌	不機嫌な女	女	女性
🙅	forbidden	gesture	hand	NO	not	person	prohibit	person gesturing NO	NG	お断り	ジェスチャー	だめ	ダメのポーズをする人	バツ	人	禁止	禁止された	除外
🙅‍♂️	forbidden	gesture	hand	man	NO	not	prohibit	man gesturing NO	NG	ジェスチャー	ダメのポーズをする男	バツ	男	男性	禁止
🙅‍♀️	forbidden	gesture	hand	NO	not	prohibit	woman	woman gesturing NO	NG	ジェスチャー	ダメのポーズをする女	バツ	女	女性
🙆	exercise	gesture	gesturing	hand	OK	omg	person	person gesturing OK	OKのポーズをする人	エクササイズ	オーケー	ジェスチャー	びっくり	丸	人	手
🙆‍♂️	exercise	gesture	gesturing	hand	man	OK	omg	man gesturing OK	OKのポーズをする男	オーケー	オッケー	ジェスチャー	丸	男	男性
🙆‍♀️	exercise	gesture	gesturing	hand	OK	omg	woman	woman gesturing OK	OKのポーズをする女	オーケー	オッケー	ジェスチャー	丸	女性
💁	fetch	flick	flip	gossip	hand	person	sarcasm	sarcastic	sassy	seriously	tipping	whatever	person tipping hand	ゴシップ	ジェスチャー	受付	受付嬢	手を返している人	案内	案内する人	案内する女	髪をかき上げる	髪を振り払う
💁‍♂️	fetch	flick	flip	gossip	hand	man	sarcasm	sarcastic	sassy	seriously	tipping	whatever	man tipping hand	ジェスチャー	案内	案内する男	男	男性
💁‍♀️	fetch	flick	flip	gossip	hand	sarcasm	sarcastic	sassy	seriously	tipping	whatever	woman	woman tipping hand	ジェスチャー	女	女性	案内	案内する女
🙋	gesture	hand	here	know	me	person	pick	question	raise	raising	person raising hand	ジェスチャー	人	分かった	手	手を挙げる	手を挙げる人	挙手	質問
🙋‍♂️	gesture	hand	here	know	man	me	pick	question	raise	raising	man raising hand	手を挙げる	手を挙げる男	挙手	男	男性
🙋‍♀️	gesture	hand	here	know	me	pick	question	raise	raising	woman	woman raising hand	女	女性	手を挙げる	手を挙げる女	挙手
🧏	accessibility	deaf	ear	gesture	hear	person	deaf person	アクセシビリティ	人	耳の不自由な人	聞こえない	聴覚	障がい
🧏‍♂️	accessibility	deaf	ear	gesture	hear	man	deaf man	アクセシビリティ	男性	耳の不自由な男性	聴覚	障がい
🧏‍♀️	accessibility	deaf	ear	gesture	hear	woman	deaf woman	アクセシビリティ	女性	耳の不自由な女性	聴覚	障がい
🙇	apology	ask	beg	bow	bowing	favor	forgive	gesture	meditate	meditation	person	pity	regret	sorry	person bowing	おじぎ	おじぎする人	お願い	ごめんなさい	ジェスチャー	土下座	許して	謝罪
🙇‍♂️	apology	ask	beg	bow	bowing	favor	forgive	gesture	man	meditate	meditation	pity	regret	sorry	man bowing	おじぎ	おじぎする男	ごめんなさい	土下座	男	男性
🙇‍♀️	apology	ask	beg	bow	bowing	favor	forgive	gesture	meditate	meditation	pity	regret	sorry	woman	woman bowing	おじぎ	おじぎする女	ごめんなさい	土下座	女	女性
🤦	again	bewilder	disbelief	exasperation	facepalm	no	not	oh	omg	person	shock	smh	person facepalming	あちゃー	うそでしょ	ジェスチャー	ショック	ひたいに手	ひたいに手をあてる人	またか	人	信じられない
🤦‍♂️	again	bewilder	disbelief	exasperation	facepalm	man	no	not	oh	omg	shock	smh	man facepalming	あちゃー	うそでしょ	ジェスチャー	ショック	ひたいに手	ひたいに手をあてる男	またか	信じられない	男	男性
🤦‍♀️	again	bewilder	disbelief	exasperation	facepalm	no	not	oh	omg	shock	smh	woman	woman facepalming	あちゃー	うそでしょ	ジェスチャー	ショック	ひたいに手	ひたいに手をあてる女	またか	信じられない	女	女性
🤷	doubt	dunno	guess	idk	ignorance	indifference	knows	maybe	person	shrug	shrugging	whatever	who	person shrugging	お手上げ	お手上げする人	さあね	ジェスチャー	わかりません	人	多分ね	知らない	肩をすくめる
🤷‍♂️	doubt	dunno	guess	idk	ignorance	indifference	knows	man	maybe	shrug	shrugging	whatever	who	man shrugging	お手上げ	お手上げする男	さあね	ジェスチャー	わかりません	多分ね	男	男性	知らない	肩をすくめる
🤷‍♀️	doubt	dunno	guess	idk	ignorance	indifference	knows	maybe	shrug	shrugging	whatever	who	woman	woman shrugging	お手上げ	お手上げする女	さあね	ジェスチャー	わかりません	多分ね	女	女性	知らない	肩をすくめる
🧑‍⚕️	doctor	health	healthcare	nurse	therapist	worker	health worker	セラピスト	医師	医者
👨‍⚕️	doctor	health	healthcare	man	nurse	therapist	worker	man health worker	セラピスト	ドクター	医師	医者	男	男性	男性の医者
👩‍⚕️	doctor	health	healthcare	nurse	therapist	woman	worker	woman health worker	セラピスト	ドクター	医師	医者	女	女医	女性	女性の医者
🧑‍🎓	graduate	student	卒業	学生	角帽
👨‍🎓	graduate	man	student	man student	卒業	学生	男	男子学生	男性	角帽
👩‍🎓	graduate	student	woman	woman student	卒業	女	女子学生	女性	学生	角帽
🧑‍🏫	instructor	lecturer	professor	teacher	先生	担任	教師	教授	講師
👨‍🏫	instructor	lecturer	man	professor	teacher	man teacher	先生	教師	教授	男	男性	男性の教師	講師
👩‍🏫	instructor	lecturer	professor	teacher	woman	woman teacher	先生	女	女性	女性の教師	教師	教授	講師
🧑‍⚖️	judge	justice	law	scales	裁判	裁判官
👨‍⚖️	judge	justice	law	man	scales	man judge	男	男性	男性の裁判官	裁判	裁判官
👩‍⚖️	judge	justice	law	scales	woman	woman judge	女	女性	女性の裁判官	裁判	裁判官
🧑‍🌾	farmer	gardener	rancher	ガーデナー	農場主	農家	農業
👨‍🌾	farmer	gardener	man	rancher	man farmer	男	男性	農夫	農家	農家の男性
👩‍🌾	farmer	gardener	rancher	woman	woman farmer	女	女性	農家	農家の女性
🧑‍🍳	chef	cook	コック	シェフ	料理
👨‍🍳	chef	cook	man	man cook	コック	シェフ	料理	料理人	男	男性	男性のコック
👩‍🍳	chef	cook	woman	woman cook	コック	シェフ	女	女性	女性のコック	料理	料理人
🧑‍🔧	electrician	mechanic	plumber	tradesperson	スパナ	メカニック	作業員	工作	整備士
👨‍🔧	electrician	man	mechanic	plumber	tradesperson	man mechanic	スパナ	メカニック	工作	男	男性	男性の整備士	配管工	電気工
👩‍🔧	electrician	mechanic	plumber	tradesperson	woman	woman mechanic	スパナ	メカニック	女	女性	女性の整備士	工作	配管工	電気工
🧑‍🏭	assembly	factory	industrial	worker	factory worker	モノづくり	工員	工場	溶接工
👨‍🏭	assembly	factory	industrial	man	worker	man factory worker	工員	溶接	男	男性	男性の溶接工
👩‍🏭	assembly	factory	industrial	woman	worker	woman factory worker	女	女性	女性の溶接工	工員	溶接
🧑‍💼	architect	business	manager	office	white-collar	worker	office worker	サラリーマン	ビジネスパーソン	会社員
👨‍💼	architect	business	man	manager	office	white-collar	worker	man office worker	サラリーマン	ビジネスパーソン	ビジネスマン	会社員	男性	男性会社員
👩‍💼	architect	business	manager	office	white-collar	woman	worker	woman office worker	OL	サラリーマン	ビジネスパーソン	会社員	女	女性	女性会社員
🧑‍🔬	biologist	chemist	engineer	mathematician	physicist	scientist	化学者	物理学者	生物学者	科学者
👨‍🔬	biologist	chemist	engineer	man	mathematician	physicist	scientist	man scientist	男	男性	男性科学者	科学者
👩‍🔬	biologist	chemist	engineer	mathematician	physicist	scientist	woman	woman scientist	女	女性	女性科学者	科学者
🧑‍💻	coder	computer	developer	inventor	software	technologist	コンピュータ	パソコン	プログラマ	技術者	開発者
👨‍💻	coder	computer	developer	inventor	man	software	technologist	man technologist	コンピュータ	デベロッパ	パソコン	プログラマ	プログラマー	男	男性	男性技術者	開発者
👩‍💻	coder	computer	developer	inventor	software	technologist	woman	woman technologist	コンピュータ	デベロッパ	パソコン	プログラマ	プログラマー	女	女性	女性技術者	開発者
🧑‍🎤	actor	entertainer	rock	rockstar	singer	star	アーティスト	シンガー	スター	ロッカー	歌手
👨‍🎤	actor	entertainer	man	rock	rockstar	singer	star	man singer	アーティスト	エンターテイナー	シンガー	スター	ロックスター	俳優	歌手	男	男性	男性歌手
👩‍🎤	actor	entertainer	rock	rockstar	singer	star	woman	woman singer	アーティスト	エンターテイナー	シンガー	スター	ロックスター	俳優	女	女性	女性歌手	歌手
🧑‍🎨	artist	palette	アーティスト	画家	絵描き	芸術家
👨‍🎨	artist	man	palette	man artist	アーティスト	男	男性	男性の芸術家	画家	芸術家
👩‍🎨	artist	palette	woman	woman artist	アーティスト	パレット	女	女性	女性の芸術家	画家	芸術家
🧑‍✈️	pilot	plane	パイロット	操縦士	機長
👨‍✈️	man	pilot	plane	man pilot	パイロット	操縦士	男	男性	男性パイロット
👩‍✈️	pilot	plane	woman	woman pilot	女	女性	女性パイロット	操縦士
🧑‍🚀	astronaut	rocket	space	ロケット	宇宙飛行士
👨‍🚀	astronaut	man	rocket	space	man astronaut	宇宙飛行士	男	男性	男性宇宙飛行士
👩‍🚀	astronaut	rocket	space	woman	woman astronaut	女	女性	女性宇宙飛行士	宇宙飛行士
🧑‍🚒	fire	firefighter	firetruck	レスキュー	救助隊	消防士
👨‍🚒	fire	firefighter	firetruck	man	man firefighter	消防士	男	男性	男性消防士
👩‍🚒	fire	firefighter	firetruck	woman	woman firefighter	女	女性	女性消防士	消防士
👮	apprehend	arrest	citation	cop	law	officer	over	police	pulled	undercover	police officer	お巡りさん	警官	警察	警察官	逮捕する
👮‍♂️	apprehend	arrest	citation	cop	law	man	officer	over	police	pulled	undercover	man police officer	お巡りさん	男性	男性警察官	警官	警察	警察官
👮‍♀️	apprehend	arrest	citation	cop	law	officer	over	police	pulled	undercover	woman	woman police officer	お巡りさん	女性	女性警察官	警官	警察	警察官
🕵️	detective	sleuth	spy	スパイ	探偵	私立探偵	虫めがね
🕵️‍♂️	detective	man	sleuth	spy	man detective	探偵	男	男性	男性の探偵	虫めがね
🕵️‍♀️	detective	sleuth	spy	woman	woman detective	女	女性	女性の探偵	探偵	私立探偵	虫めがね
💂	buckingham	guard	helmet	london	palace	守衛	衛兵	警備	門番
💂‍♂️	buckingham	guard	helmet	london	man	palace	man guard	守衛	男性	男性の衛兵	衛兵	警備	門番
💂‍♀️	buckingham	guard	helmet	london	palace	woman	woman guard	女性	女性の衛兵	守衛	衛兵	警備	門番
🥷	assassin	fight	fighter	hidden	ninja	person	secret	skills	sly	soldier	stealth	war	スパイ	人	忍び	忍者	忍術	草の者	隠密
👷	build	construction	fix	hardhat	hat	man	person	rebuild	remodel	repair	work	worker	construction worker	ハンマー	ヘルメット	作業員	工事	建設	建設作業員
👷‍♂️	build	construction	fix	hardhat	hat	man	rebuild	remodel	repair	work	worker	man construction worker	ハンマー	ヘルメット	作業員	工事	建設	男	男性	男性の建設作業員
👷‍♀️	build	construction	fix	hardhat	hat	man	rebuild	remodel	repair	woman	work	worker	woman construction worker	ハンマー	ヘルメット	作業員	女	女性	女性の建設作業員	工事	建設
🫅	crown	monarch	noble	person	regal	royal	royalty	person with crown	君主	国王	女王	王	王冠をかぶった人	王家	王族	王様
🤴	crown	fairy	fairytale	fantasy	king	prince	royal	royalty	tale	プリンス	王子	王族	男	男性
👸	crown	fairy	fairytale	fantasy	princess	queen	royal	royalty	tale	お姫さま	クイーン	プリンセス	冠	女	女性	女王	王女	王妃
👳	person	turban	wearing	person wearing turban	ターバン	ターバンの人	帽子
👳‍♂️	man	turban	wearing	man wearing turban	ターバン	ターバンの男性	男	男性
👳‍♀️	turban	wearing	woman	woman wearing turban	ターバン	ターバンの女性	女	女性
👲	cap	Chinese	gua	guapi	hat	mao	person	pi	skullcap	person with skullcap	おわん帽	中華帽の男性	男	男性
🧕	bandana	head	headscarf	hijab	kerchief	mantilla	tichel	woman	woman with headscarf	スカーフ	スカーフの女性	ヒジャブ	ベール	女	女性
🤵	formal	person	tuxedo	wedding	person in tuxedo	タキシード	タキシードの人	フォーマル	人	正装	結婚
🤵‍♂️	formal	groom	man	tuxedo	wedding	man in tuxedo	タキシード	タキシードの男	タキシードの男性	男	男性
🤵‍♀️	formal	tuxedo	wedding	woman	woman in tuxedo	タキシード	タキシードの女	タキシードの女性	女	女性
👰	person	veil	wedding	person with veil	ウェディング	ベール	ベールの人	人	結婚	顔
👰‍♂️	man	veil	wedding	man with veil	ベール	ベールの男性	男	男性
👰‍♀️	bride	veil	wedding	woman	woman with veil	ベール	ベールの女性	女	女性
🤰	pregnant	woman	pregnant woman	女	女性	妊娠	妊婦
🫃	belly	bloated	full	man	overeat	pregnant	pregnant man	妊夫	妊娠	妊娠した人	男	男性	食べ過ぎ
🫄	belly	bloated	full	overeat	person	pregnant	stuffed	pregnant person	お腹	妊夫	妊娠	妊娠した人	妊婦	食べ過ぎ
🤱	baby	breast	breast-feeding	feeding	mom	mother	nursing	woman	ミルク	女	女性	授乳	赤ちゃん
👩‍🍼	baby	feed	feeding	mom	mother	nanny	newborn	nursing	woman	woman feeding baby	ママ	人	女	女性	授乳	授乳する女性	新生児	母親	赤ちゃん
👨‍🍼	baby	dad	father	feed	feeding	man	nanny	newborn	nursing	man feeding baby	パパ	人	授乳	授乳する男性	新生児	父親	男	男性	赤ちゃん
🧑‍🍼	baby	feed	feeding	nanny	newborn	nursing	parent	person feeding baby	人	授乳	授乳する人	新生児	母親	父親	赤ちゃん
👼	angel	baby	church	face	fairy	fairytale	fantasy	tale	baby angel	エンジェル	エンゼル	天使	赤ちゃん天使	顔
🎅	celebration	Christmas	claus	fairy	fantasy	father	holiday	merry	santa	tale	xmas	Santa Claus	クリスマス	サンタ	サンタクロース	顔
🤶	celebration	Christmas	claus	fairy	fantasy	holiday	merry	mother	Mrs	santa	tale	xmas	Mrs. Claus	クリスマス	サンタクロース	女	女性	女性のサンタ
🧑‍🎄	celebration	Christmas	claus	fairy	fantasy	holiday	merry	Mx	santa	tale	xmas	Mx Claus	クリスマス	サンタ	サンタクロース	サンタさん	人	帽子
🦸	good	hero	superhero	superpower	スーパーヒーロー	スーパーマン	ヒーロー	ヒロイン	善	巨大勢力	超人
🦸‍♂️	good	hero	man	superhero	superpower	man superhero	ヒーロー	善	男性	男性のスーパーヒーロー	超人
🦸‍♀️	good	hero	heroine	superhero	superpower	woman	woman superhero	ヒーロー	ヒロイン	善	女性	女性のスーパーヒーロー	超人
🦹	bad	criminal	evil	superpower	supervillain	villain	ヴィラン	人	悪	悪い人	悪人	悪役	悪玉	犯人	犯罪者	超悪玉
🦹‍♂️	bad	criminal	evil	man	superpower	supervillain	villain	man supervillain	ヴィラン	悪	犯人	男性	男性の悪役	超人
🦹‍♀️	bad	criminal	evil	superpower	supervillain	villain	woman	woman supervillain	ヴィラン	女性	女性の悪役	悪	犯人	超人
🧙	fantasy	mage	magic	play	sorcerer	sorceress	sorcery	spell	summon	witch	wizard	ファンタジー	ロールプレイ	召喚	呪文	魔女	魔法	魔法使い	魔術師
🧙‍♂️	fantasy	mage	magic	man	play	sorcerer	sorceress	sorcery	spell	summon	witch	wizard	man mage	男	男の魔法使い	男性	魔法使い
🧙‍♀️	fantasy	mage	magic	play	sorcerer	sorceress	sorcery	spell	summon	witch	wizard	woman	woman mage	女	女の魔法使い	女性	魔女	魔法使い
🧚	fairy	fairytale	fantasy	myth	person	pixie	tale	wings	おとぎ話	オベロン	パック	ファンタジー	伝説	妖精	神話	童話	魔法
🧚‍♂️	fairy	fairytale	fantasy	man	myth	Oberon	person	pixie	Puck	tale	wings	man fairy	妖精	男	男の妖精	男性
🧚‍♀️	fairy	fairytale	fantasy	myth	person	pixie	tale	Titania	wings	woman	woman fairy	女	女の妖精	女性	妖精
🧛	blood	Dracula	fangs	halloween	scary	supernatural	teeth	undead	vampire	ドラキュラ	ハロウィーン	バンパイア	不死身	吸血鬼	恐怖	歯	牙	血
🧛‍♂️	blood	fangs	halloween	man	scary	supernatural	teeth	undead	vampire	man vampire	ドラキュラ	バンパイア	吸血鬼	男	男の吸血鬼	男性
🧛‍♀️	blood	fangs	halloween	scary	supernatural	teeth	undead	vampire	woman	woman vampire	ドラキュラ	バンパイア	吸血鬼	女	女の吸血鬼	女性
🧜	creature	fairytale	folklore	merperson	ocean	sea	siren	trident	おとぎ話	サイレン	マーメイド	人魚	伝説	半魚人	海の生物	海底
🧜‍♂️	creature	fairytale	folklore	merman	Neptune	ocean	Poseidon	sea	siren	trident	Triton	マーマン	人魚	男	男性
🧜‍♀️	creature	fairytale	folklore	mermaid	merwoman	ocean	sea	siren	trident	マーメイド	人魚	女	女性
🧝	elf	elves	enchantment	fantasy	folklore	magic	magical	myth	エルフ	ファンタジー	伝説	妖精	神秘的	神話	魔力	魔法
🧝‍♂️	elf	elves	enchantment	fantasy	folklore	magic	magical	man	myth	man elf	エルフ	男	男のエルフ	男性
🧝‍♀️	elf	elves	enchantment	fantasy	folklore	magic	magical	myth	woman	woman elf	エルフ	女	女のエルフ	女性
🧞	djinn	fantasy	genie	jinn	lamp	myth	rub	wishes	ジニー	ファンタジー	ランプをこする	不可思議	神話	精霊	魔人
🧞‍♂️	djinn	fantasy	genie	jinn	lamp	man	myth	rub	wishes	man genie	男	男の精霊	男性	精霊	魔神
🧞‍♀️	djinn	fantasy	genie	jinn	lamp	myth	rub	wishes	woman	woman genie	女	女の精霊	女性	精霊	魔神
🧟	apocalypse	dead	halloween	horror	scary	undead	walking	zombie	アンデッド	ゾンビ	ハロウィーン	ホラー	大災害	恐怖	歩く屍
🧟‍♂️	apocalypse	dead	halloween	horror	man	scary	undead	walking	zombie	man zombie	ゾンビ	ホラー	男	男のゾンビ	男性
🧟‍♀️	apocalypse	dead	halloween	horror	scary	undead	walking	woman	zombie	woman zombie	ゾンビ	ホラー	女	女のゾンビ	女性
🧌	fairy	fantasy	monster	tale	troll	trolling	おとぎ話	トロール	ファンタジー	モンスター
🫈	bigfoot	cryptid	forest	giant	hairy	sasquatch	woodwose	yeti	hairy creature	イエティ	サスカッチ	ビッグフット	巨人	未確認動物	森	毛むくじゃら	毛むくじゃらの生物
💆	face	getting	headache	massage	person	relax	relaxing	salon	soothe	spa	tension	therapy	treatment	person getting massage	エステ	サロン	スパ	セラピー	フェイスマッサージ	フェイスマッサージ中の人	マッサージ	リラックス	施術	癒し
💆‍♂️	face	getting	headache	man	massage	relax	relaxing	salon	soothe	spa	tension	therapy	treatment	man getting massage	エステ	フェイスマッサージ	フェイスマッサージ中の男	マッサージ	リラックス	男	男性	顔
💆‍♀️	face	getting	headache	massage	relax	relaxing	salon	soothe	spa	tension	therapy	treatment	woman	woman getting massage	エステ	フェイスマッサージ	フェイスマッサージ中の女	マッサージ	女	女性
💇	barber	beauty	chop	cosmetology	cut	groom	hair	haircut	parlor	person	shears	style	person getting haircut	カット	ヘアカット	床屋	散髪される人	理容室	理容院	美容室	美容院	髪
💇‍♂️	barber	beauty	chop	cosmetology	cut	groom	hair	haircut	man	parlor	person	shears	style	man getting haircut	カット	ヘアカット	床屋	散髪される男	理容室	理容院	男	男性	美容室	美容院
💇‍♀️	barber	beauty	chop	cosmetology	cut	groom	hair	haircut	parlor	person	shears	style	woman	woman getting haircut	ヘアカット	女性	床屋	散髪される女	美容室	美容院
🚶	amble	gait	hike	man	pace	pedestrian	person	stride	stroll	walk	walking	person walking	ウォーキング	ハイキング	ぶらつく	人	大股	散歩	歩く	歩行	歩行者	歩く人
🚶‍♂️	amble	gait	hike	man	pace	pedestrian	stride	stroll	walk	walking	man walking	ウォーキング	歩く男	歩行	歩行者	男性
🚶‍♀️	amble	gait	hike	man	pace	pedestrian	stride	stroll	walk	walking	woman	woman walking	ウォーキング	ハイキング	女性	散歩	歩く	歩く女	歩行	歩行者
🚶‍➡️	amble	facing	gait	hike	man	pace	pedestrian	person	right	stride	stroll	walk	walking	person walking: facing right	ウォーキング	ハイキング	ぶらつく	人	右向き	大股	散歩	歩く	歩行	歩行者	歩く人: 右向き	person walking facing right
🚶‍♀️‍➡️	amble	facing	gait	hike	man	pace	pedestrian	right	stride	stroll	walk	walking	woman	woman walking: facing right	ウォーキング	ハイキング	右向き	女性	散歩	歩く	歩く女	歩行	歩行者	歩く女: 右向き	woman walking facing right
🚶‍♂️‍➡️	amble	facing	gait	hike	man	pace	pedestrian	right	stride	stroll	walk	walking	man walking: facing right	ウォーキング	右向き	歩く男	歩行	歩行者	男性	歩く男: 右向き	man walking facing right
🧍	person	stand	standing	person standing	人	立っている	立つ人	起立
🧍‍♂️	man	stand	standing	man standing	男性	立つ男	起立
🧍‍♀️	stand	standing	woman	woman standing	女性	立つ女	起立
🧎	kneel	kneeling	knees	person	person kneeling	ひざまずく	人	座る	正座する人
🧎‍♂️	kneel	kneeling	knees	man	man kneeling	ひざまずく	座る	正座する男性	男性
🧎‍♀️	kneel	kneeling	knees	woman	woman kneeling	ひざまずく	女性	座る	正座する女性
🧎‍➡️	facing	kneel	kneeling	knees	person	right	person kneeling: facing right	ひざまずく	人	右向き	座る	正座する人	正座する人: 右向き	person kneeling facing right
🧎‍♀️‍➡️	facing	kneel	kneeling	knees	right	woman	woman kneeling: facing right	ひざまずく	右向き	女性	座る	正座する女性	正座する女性: 右向き	woman kneeling facing right
🧎‍♂️‍➡️	facing	kneel	kneeling	knees	man	right	man kneeling: facing right	ひざまずく	右向き	座る	正座する男性	男性	正座する男性: 右向き	man kneeling facing right
🧑‍🦯	accessibility	blind	cane	person	probing	white	person with white cane	アクセシビリティ	杖をついた人	目	視覚	障がい
🧑‍🦯‍➡️	accessibility	blind	cane	facing	person	probing	right	white	person with white cane: facing right	アクセシビリティ	右向き	杖をついた人	目	視覚	障がい	杖をついた人: 右向き	person with white cane facing right
👨‍🦯	accessibility	blind	cane	man	probing	white	man with white cane	アクセシビリティ	杖をついた男性	男性	白杖をついた男性	目	視覚	障がい
👨‍🦯‍➡️	accessibility	blind	cane	facing	man	probing	right	white	man with white cane: facing right	アクセシビリティ	右向き	杖をついた男性	男性	白杖をついた男性	目	視覚	障がい	杖をついた男性: 右向き	man with white cane facing right
👩‍🦯	accessibility	blind	cane	probing	white	woman	woman with white cane	アクセシビリティ	女性	杖をついた女性	白杖をついた女性	目	視覚	障がい
👩‍🦯‍➡️	accessibility	blind	cane	facing	probing	right	white	woman	woman with white cane: facing right	アクセシビリティ	右向き	女性	杖をついた女性	白杖をついた女性	目	視覚	障がい	杖をついた女性: 右向き	woman with white cane facing right
🧑‍🦼	accessibility	motorized	person	wheelchair	person in motorized wheelchair	アクセシビリティ	車いす	障がい	電動車椅子の人
🧑‍🦼‍➡️	accessibility	facing	motorized	person	right	wheelchair	person in motorized wheelchair: facing right	アクセシビリティ	右向き	車いす	障がい	電動車椅子の人	電動車椅子の人: 右向き	person in motorized wheelchair facing right
👨‍🦼	accessibility	man	motorized	wheelchair	man in motorized wheelchair	アクセシビリティ	男性	車いす	障がい	電動車椅子の男性
👨‍🦼‍➡️	accessibility	facing	man	motorized	right	wheelchair	man in motorized wheelchair: facing right	アクセシビリティ	右向き	男性	車いす	障がい	電動車椅子の男性	電動車椅子の男性: 右向き	man in motorized wheelchair facing right
👩‍🦼	accessibility	motorized	wheelchair	woman	woman in motorized wheelchair	アクセシビリティ	女性	車いす	障がい	電動車椅子の女性
👩‍🦼‍➡️	accessibility	facing	motorized	right	wheelchair	woman	woman in motorized wheelchair: facing right	アクセシビリティ	右向き	女性	車いす	障がい	電動車椅子の女性	電動車椅子の女性: 右向き	woman in motorized wheelchair facing right
🧑‍🦽	accessibility	manual	person	wheelchair	person in manual wheelchair	アクセシビリティ	手動式車椅子の人	車いす	障がい
🧑‍🦽‍➡️	accessibility	facing	manual	person	right	wheelchair	person in manual wheelchair: facing right	アクセシビリティ	右向き	手動式車椅子の人	車いす	障がい	手動式車椅子の人: 右向き	person in manual wheelchair facing right
👨‍🦽	accessibility	man	manual	wheelchair	man in manual wheelchair	アクセシビリティ	手動式車椅子の男性	男性	車いす	障がい
👨‍🦽‍➡️	accessibility	facing	man	manual	right	wheelchair	man in manual wheelchair: facing right	アクセシビリティ	右向き	手動式車椅子の男性	男性	車いす	障がい	手動式車椅子の男性: 右向き	man in manual wheelchair facing right
👩‍🦽	accessibility	manual	wheelchair	woman	woman in manual wheelchair	アクセシビリティ	女性	手動式車椅子の女性	車いす	障がい
👩‍🦽‍➡️	accessibility	facing	manual	right	wheelchair	woman	woman in manual wheelchair: facing right	アクセシビリティ	右向き	女性	手動式車椅子の女性	車いす	障がい	手動式車椅子の女性: 右向き	woman in manual wheelchair facing right
🏃	fast	hurry	marathon	move	person	quick	race	racing	run	rush	speed	person running	ジョギング	マラソン	ランナー	ランニング	急ぐ	走る	走る人	駆け足
🏃‍♂️	fast	hurry	man	marathon	move	quick	race	racing	run	rush	speed	man running	ジョギング	マラソン	ランナー	ランニング	男性	走る男
🏃‍♀️	fast	hurry	marathon	move	quick	race	racing	run	rush	speed	woman	woman running	ジョギング	マラソン	ランナー	ランニング	女性	急ぐ	走る	走る女	駆け足
🏃‍➡️	facing	fast	hurry	marathon	move	person	quick	race	racing	right	run	rush	speed	person running: facing right	ジョギング	マラソン	ランナー	ランニング	右向き	急ぐ	走る	走る人	駆け足	走る人: 右向き	person running facing right
🏃‍♀️‍➡️	facing	fast	hurry	marathon	move	quick	race	racing	right	run	rush	speed	woman	woman running: facing right	ジョギング	マラソン	ランナー	ランニング	右向き	女性	急ぐ	走る	走る女	駆け足	走る女: 右向き	woman running facing right
🏃‍♂️‍➡️	facing	fast	hurry	man	marathon	move	quick	race	racing	right	run	rush	speed	man running: facing right	ジョギング	マラソン	ランナー	ランニング	右向き	男性	走る男	走る男: 右向き	man running facing right
🧑‍🩰	ballet	dancer	ballet dancer	ダンサー	バレエ	バレエダンサー
💃	dance	dancer	dancing	elegant	festive	flair	flamenco	groove	let’s	salsa	tango	woman	woman dancing	サルサ	タンゴ	ダンサー	ダンス	フラメンコ	女	女性	踊り子	踊る女
🕺	dance	dancer	dancing	elegant	festive	flair	flamenco	groove	let’s	man	salsa	tango	man dancing	サルサ	タンゴ	ダンサー	ダンス	フラメンコ	男	男性	踊る男
🕴️	business	levitating	person	suit	person in suit levitating	スーツ	ビジネスマン	浮いてるビジネスマン	男	男性	空中浮遊
👯	bestie	bff	bunny	counterpart	dancer	double	ear	identical	pair	party	partying	people	soulmate	twin	twinsies	people with bunny ears	うさ耳	ずっ友	そっくり	ダンサー	パーティ	ペア	双子	相方	親友	バニー
👯‍♂️	bestie	bff	bunny	counterpart	dancer	double	ear	identical	men	pair	party	partying	people	soulmate	twin	twinsies	men with bunny ears	うさ耳	ダンサー	パーティー	バニーボーイ	男	男性	親友
👯‍♀️	bestie	bff	bunny	counterpart	dancer	double	ear	identical	pair	party	partying	people	soulmate	twin	twinsies	women	women with bunny ears	うさ耳	ダンサー	パーティー	バニーガール	女	女性
🧖	day	luxurious	pamper	person	relax	room	sauna	spa	steam	steambath	unwind	person in steamy room	くつろぐ	サウナ	サウナに入る人	スパ	リラックス	蒸しぶろ	蒸気
🧖‍♂️	day	luxurious	man	pamper	relax	room	sauna	spa	steam	steambath	unwind	man in steamy room	サウナ	サウナに入る男	男	男性
🧖‍♀️	day	luxurious	pamper	relax	room	sauna	spa	steam	steambath	unwind	woman	woman in steamy room	サウナ	サウナに入る女	女	女性
🧗	climb	climber	climbing	mountain	person	rock	scale	up	person climbing	ロッククライマー	山	山を登る人	山登り	登る	登山
🧗‍♂️	climb	climber	climbing	man	mountain	rock	scale	up	man climbing	山を登る男	山登り	男	男性	登山
🧗‍♀️	climb	climber	climbing	mountain	rock	scale	up	woman	woman climbing	女	女性	山を登る女	山登り	登山
🤺	fencer	fencing	person	sword	person fencing	スポーツ	フェンシング	フェンシングをする人
🏇	horse	jockey	racehorse	racing	riding	sport	horse racing	ジョッキー	スポーツ	乗馬	競走馬	競馬	馬	騎手
⛷️	ski	skier	snow	スキー	スキーヤー	ストック	スポーツ
🏂	ski	snow	snowboard	snowboarder	sport	スノーボーダー	スノーボード	スノボ	スポーツ
🏌️	ball	birdie	caddy	driving	golf	golfing	green	person	pga	putt	range	tee	person golfing	ゴルフ	ゴルファー	ゴルフをする人	スポーツ	打ちっぱなし	球技
🏌️‍♂️	ball	birdie	caddy	driving	golf	golfing	green	man	pga	putt	range	tee	man golfing	ゴルフ	ゴルファー	ゴルフをする男	スポーツ	男	男性
🏌️‍♀️	ball	birdie	caddy	driving	golf	golfing	green	pga	putt	range	tee	woman	woman golfing	ゴルフ	ゴルファー	ゴルフをする女	スポーツ	女	女性	球技
🏄	beach	ocean	person	sport	surf	surfer	surfing	swell	waves	person surfing	サーファー	サーフィン	サーフィンする人	スポーツ	波	波乗り	海
🏄‍♂️	beach	man	ocean	sport	surf	surfer	surfing	swell	waves	man surfing	サーファー	サーフィンする男	スポーツ	波乗り	男	男性
🏄‍♀️	beach	ocean	person	sport	surf	surfer	surfing	swell	waves	woman surfing	サーファー	サーフィンする女	スポーツ	女	女性	波乗り
🚣	boat	canoe	cruise	fishing	lake	oar	paddle	person	raft	river	row	rowboat	rowing	person rowing boat	オール	カヌー	カヤック	スポーツ	パドル	ボート	ボートをこぐ人	手漕ぎボート	漕ぐ	船
🚣‍♂️	boat	canoe	cruise	fishing	lake	man	oar	paddle	raft	river	row	rowboat	rowing	man rowing boat	カヌー	カヤック	スポーツ	ボートをこぐ男	男性	船
🚣‍♀️	boat	canoe	cruise	fishing	lake	oar	paddle	raft	river	row	rowboat	rowing	woman	woman rowing boat	カヌー	カヤック	スポーツ	ボート	ボートをこぐ女	女	女性	手漕ぎボート	船
🏊	freestyle	person	sport	swim	swimmer	swimming	triathlon	person swimming	クロール	スイマー	スイミング	スイム	スポーツ	トライアスロン	水泳	泳ぐ人	自由形
🏊‍♂️	freestyle	man	sport	swim	swimmer	swimming	triathlon	man swimming	スイマー	スイミング	スイム	スポーツ	水泳	泳ぐ男	男性
🏊‍♀️	freestyle	man	sport	swim	swimmer	swimming	triathlon	woman swimming	スイマー	スイミング	スイム	スポーツ	女	女性	水泳	泳ぐ女
⛹️	athletic	ball	basketball	bouncing	championship	dribble	net	person	player	throw	person bouncing ball	スポーツ	ドリブル	バスケ	バスケットボール	バスケットボールをする人	バスケットボール選手	球技
⛹️‍♂️	athletic	ball	basketball	bouncing	championship	dribble	man	net	player	throw	man bouncing ball	スポーツ	バスケ	バスケットボール	バスケットボールをする男	球技	男性
⛹️‍♀️	athletic	ball	basketball	bouncing	championship	dribble	net	player	throw	woman	woman bouncing ball	スポーツ	ドリブル	バスケ	バスケットボール	バスケットボールをする女	女性	球技
🏋️	barbell	bodybuilder	deadlift	lifter	lifting	person	powerlifting	weight	weightlifter	weights	workout	person lifting weights	ウェイトリフティング	スポーツ	デッドリフト	バーベル	パワーリフティング	ボディビルダー	筋トレ	運動	重量挙げ	重量挙げをする人
🏋️‍♂️	barbell	bodybuilder	deadlift	lifter	lifting	man	powerlifting	weight	weightlifter	weights	workout	man lifting weights	ウェイトリフティング	スポーツ	男	男性	重量挙げをする男
🏋️‍♀️	barbell	bodybuilder	deadlift	lifter	lifting	powerlifting	weight	weightlifter	weights	woman	workout	woman lifting weights	ウェイトリフティング	スポーツ	女	女性	重量挙げをする女
🚴	bicycle	bicyclist	bike	biking	cycle	cyclist	person	riding	sport	person biking	サイクリスト	サイクリング	スポーツ	ロードバイク	ロードレース	競輪	自転車	自転車乗り	自転車に乗る人
🚴‍♂️	bicycle	bicyclist	bike	biking	cycle	cyclist	man	riding	sport	man biking	サイクリング	スポーツ	ロードレース	男性	競輪	自転車に乗る男
🚴‍♀️	bicycle	bicyclist	bike	biking	cycle	cyclist	riding	sport	woman	woman biking	サイクリスト	サイクリング	スポーツ	ロードレース	女	女性	競輪	自転車	自転車に乗る女	自転車乗り
🚵	bicycle	bicyclist	bike	biking	cycle	cyclist	mountain	person	riding	sport	person mountain biking	サイクリスト	サイクリング	スポーツ	マウンテンバイク	マウンテンバイクに乗る人	山	競技	自転車	自転車乗り
🚵‍♂️	bicycle	bicyclist	bike	biking	cycle	cyclist	man	mountain	riding	sport	man mountain biking	サイクリング	スポーツ	マウンテンバイクに乗る男	男	男性	自転車
🚵‍♀️	bicycle	bicyclist	bike	biking	cycle	cyclist	mountain	riding	sport	woman	woman mountain biking	サイクリスト	サイクリング	スポーツ	マウンテンバイクに乗る女	女	女性	自転車	自転車乗り
🤸	active	cartwheel	cartwheeling	excited	flip	gymnastics	happy	person	somersault	person cartwheeling	スポーツ	トンボ返り	体操	側転	側転する人	幸せ	活動的	活発	興奮
🤸‍♂️	active	cartwheel	cartwheeling	excited	flip	gymnastics	happy	man	somersault	man cartwheeling	スポーツ	トンボ返り	体操	側転	側転する男	幸せ	活発	男性	興奮
🤸‍♀️	active	cartwheel	cartwheeling	excited	flip	gymnastics	happy	somersault	woman	woman cartwheeling	スポーツ	トンボ返り	体操	側転	側転する女	女性	幸せ	活発	興奮
🤼	combat	duel	grapple	people	ring	tournament	wrestle	wrestling	people wrestling	スポーツ	デュエル	リング内	レスラー	レスリング	レスリングする人	レスリング大会	取っ組み合い	格闘
🤼‍♂️	combat	duel	grapple	men	ring	tournament	wrestle	wrestling	men wrestling	スポーツ	デュエル	リング内	レスリング	レスリングする男	レスリングをする	レスリング大会	取っ組み合い	格闘	男性
🤼‍♀️	combat	duel	grapple	ring	tournament	women	wrestle	wrestling	women wrestling	スポーツ	デュエル	リング内	レスリング	レスリングする女	レスリングをする	レスリング大会	取っ組み合い	女性	格闘
🤽	person	playing	polo	sport	swimming	water	waterpolo	person playing water polo	スポーツ	水上競技	水泳	水球	水球をする人	球技
🤽‍♂️	man	playing	polo	sport	swimming	water	waterpolo	man playing water polo	スポーツ	水上競技	水泳	水球	水球をする男	球技	男性
🤽‍♀️	playing	polo	sport	swimming	water	waterpolo	woman	woman playing water polo	スポーツ	女性	水上競技	水泳	水球	水球をする女	球技
🤾	athletics	ball	catch	chuck	handball	hurl	lob	person	pitch	playing	sport	throw	toss	person playing handball	アスリート	キャッチ	スポーツ	スローする	ハンドボール	ハンドボールをする人	ボール	投げる	放る	球技
🤾‍♂️	athletics	ball	catch	chuck	handball	hurl	lob	man	pitch	playing	sport	throw	toss	man playing handball	スポーツ	ハンドボール	ハンドボールをする男	球技	男	男性
🤾‍♀️	athletics	ball	catch	chuck	handball	hurl	lob	pitch	playing	sport	throw	toss	woman	woman playing handball	キャッチ	スポーツ	スローする	ハンドボール	ハンドボールをする女	ボール	女性	投げる	放る	球技
🤹	act	balance	balancing	handle	juggle	juggling	manage	multitask	person	skill	person juggling	ジャグラー	ジャグリング	ジャグリングする人	ジャグリングをする人	バランス演技	マルチタスク	大道芸	操る
🤹‍♂️	act	balance	balancing	handle	juggle	juggling	man	manage	multitask	skill	man juggling	ジャグラー	ジャグリング	ジャグリングをする男	バランス演技	マルチタスク	大道芸	操る	男性
🤹‍♀️	act	balance	balancing	handle	juggle	juggling	manage	multitask	skill	woman	woman juggling	ジャグラー	ジャグリング	ジャグリングをする女	大道芸	女	女性
🧘	cross	legged	legs	lotus	meditation	peace	person	position	relax	serenity	yoga	yogi	zen	person in lotus position	くつろぎ	ヨガ	ヨガのポーズをする人	ヨガ行者	リラックス	平安	瞑想	禅	胡坐	蓮華座のポーズ
🧘‍♂️	cross	legged	legs	lotus	man	meditation	peace	position	relax	serenity	yoga	yogi	zen	man in lotus position	ヨガ	ヨガのポーズをする男	男	男性	瞑想
🧘‍♀️	cross	legged	legs	lotus	meditation	peace	position	relax	serenity	woman	yoga	yogi	zen	woman in lotus position	ヨガ	ヨガのポーズをする女	女	女性	瞑想
🛀	bath	bathtub	person	taking	tub	person taking bath	バスタブ	浴槽	風呂	風呂に入る人
🛌	bed	bedtime	good	goodnight	hotel	nap	night	person	sleep	tired	zzz	person in bed	おやすみ	グーグー	ベッド	ベッドに寝る人	ホテル	寝る	就寝中
🧑‍🤝‍🧑	bae	bestie	bff	couple	dating	flirt	friends	hand	hold	people	twins	people holding hands	カップル	つなぐ	人	友達	恋人	手	手をつなぐ	手をつなぐ2人
👭	bae	bestie	bff	couple	dating	flirt	friends	girls	hand	hold	sisters	twins	women	women holding hands	カップル	友情	友達	同性	女	姉妹	恋人	手をつなぐ女性
👫	bae	bestie	bff	couple	dating	flirt	friends	hand	hold	man	twins	woman	woman and man holding hands	カップル	友達	女	女性	恋人	手をつなぐ男女	男	男女	男性	異性
👬	bae	bestie	bff	boys	brothers	couple	dating	flirt	friends	hand	hold	men	twins	men holding hands	カップル	兄弟	友達	双子	同性	恋人	手をつなぐ男性	男	男性
💏	anniversary	babe	bae	couple	date	dating	heart	kiss	love	mwah	person	romance	together	xoxo	2人でキス	カップル	キス	ちゅっ	ハート	記念日
👩‍❤️‍💋‍👨	anniversary	babe	bae	couple	date	dating	heart	kiss	love	man	mwah	person	romance	together	woman	xoxo	kiss: woman, man	2人でキス	カップル	キス	ちゅっ	ハート	女性	男性	記念日	2人でキス: 女性 男性
👨‍❤️‍💋‍👨	anniversary	babe	bae	couple	date	dating	heart	kiss	love	man	mwah	person	romance	together	xoxo	kiss: man, man	2人でキス	カップル	キス	ちゅっ	ハート	男性	記念日	2人でキス: 男性 男性
👩‍❤️‍💋‍👩	anniversary	babe	bae	couple	date	dating	heart	kiss	love	mwah	person	romance	together	woman	xoxo	kiss: woman, woman	2人でキス	カップル	キス	ちゅっ	ハート	女性	記念日	2人でキス: 女性 女性
💑	anniversary	babe	bae	couple	dating	heart	kiss	love	person	relationship	romance	together	you	couple with heart	カップル	カップルとハート	ハート	恋人	熱々	記念日
👩‍❤️‍👨	anniversary	babe	bae	couple	dating	heart	kiss	love	man	person	relationship	romance	together	woman	you	couple with heart: woman, man	カップル	カップルとハート	ハート	女性	恋人	熱々	男性	記念日	カップルとハート: 女性 男性
👨‍❤️‍👨	anniversary	babe	bae	couple	dating	heart	kiss	love	man	person	relationship	romance	together	you	couple with heart: man, man	カップル	カップルとハート	ハート	恋人	熱々	男性	記念日	カップルとハート: 男性 男性
👩‍❤️‍👩	anniversary	babe	bae	couple	dating	heart	kiss	love	person	relationship	romance	together	woman	you	couple with heart: woman, woman	カップル	カップルとハート	ハート	女性	恋人	熱々	記念日	カップルとハート: 女性 女性
👨‍👩‍👦	boy	child	family	man	woman	family: man, woman, boy	女性	子供	家族	男の子	男性	親子	家族: 男性 女性 男の子
👨‍👩‍👧	child	family	girl	man	woman	family: man, woman, girl	女の子	女性	子供	家族	男性	親子	家族: 男性 女性 女の子
👨‍👩‍👧‍👦	boy	child	family	girl	man	woman	family: man, woman, girl, boy	女の子	女性	子供	家族	男の子	男性	親子	家族: 男性 女性 女の子 男の子
👨‍👩‍👦‍👦	boy	child	family	man	woman	family: man, woman, boy, boy	女性	子供	家族	男の子	男性	親子	家族: 男性 女性 男の子 男の子
👨‍👩‍👧‍👧	child	family	girl	man	woman	family: man, woman, girl, girl	女の子	女性	子供	家族	男性	親子	家族: 男性 女性 女の子 女の子
👨‍👨‍👦	boy	child	family	man	family: man, man, boy	子供	家族	男の子	男性	親子	家族: 男性 男性 男の子
👨‍👨‍👧	child	family	girl	man	family: man, man, girl	女の子	子供	家族	男性	親子	家族: 男性 男性 女の子
👨‍👨‍👧‍👦	boy	child	family	girl	man	family: man, man, girl, boy	女の子	子供	家族	男の子	男性	親子	家族: 男性 男性 女の子 男の子
👨‍👨‍👦‍👦	boy	child	family	man	family: man, man, boy, boy	子供	家族	男の子	男性	親子	家族: 男性 男性 男の子 男の子
👨‍👨‍👧‍👧	child	family	girl	man	family: man, man, girl, girl	女の子	子供	家族	男性	親子	家族: 男性 男性 女の子 女の子
👩‍👩‍👦	boy	child	family	woman	family: woman, woman, boy	女性	子供	家族	男の子	親子	家族: 女性 女性 男の子
👩‍👩‍👧	child	family	girl	woman	family: woman, woman, girl	女の子	女性	子供	家族	親子	家族: 女性 女性 女の子
👩‍👩‍👧‍👦	boy	child	family	girl	woman	family: woman, woman, girl, boy	女の子	女性	子供	家族	男の子	親子	家族: 女性 女性 女の子 男の子
👩‍👩‍👦‍👦	boy	child	family	woman	family: woman, woman, boy, boy	女性	子供	家族	男の子	親子	家族: 女性 女性 男の子 男の子
👩‍👩‍👧‍👧	child	family	girl	woman	family: woman, woman, girl, girl	女の子	女性	子供	家族	親子	家族: 女性 女性 女の子 女の子
👨‍👦	boy	child	family	man	family: man, boy	子供	家族	男の子	男性	親子	家族: 男性 男の子
👨‍👦‍👦	boy	child	family	man	family: man, boy, boy	子供	家族	男の子	男性	親子	家族: 男性 男の子 男の子
👨‍👧	child	family	girl	man	family: man, girl	女の子	子供	家族	男性	親子	家族: 男性 女の子
👨‍👧‍👦	boy	child	family	girl	man	family: man, girl, boy	女の子	子供	家族	男の子	男性	親子	家族: 男性 女の子 男の子
👨‍👧‍👧	child	family	girl	man	family: man, girl, girl	女の子	子供	家族	男性	親子	家族: 男性 女の子 女の子
👩‍👦	boy	child	family	woman	family: woman, boy	女性	子供	家族	男の子	親子	家族: 女性 男の子
👩‍👦‍👦	boy	child	family	woman	family: woman, boy, boy	女性	子供	家族	男の子	親子	家族: 女性 男の子 男の子
👩‍👧	child	family	girl	woman	family: woman, girl	女の子	女性	子供	家族	親子	家族: 女性 女の子
👩‍👧‍👦	boy	child	family	girl	woman	family: woman, girl, boy	女の子	女性	子供	家族	男の子	親子	家族: 女性 女の子 男の子
👩‍👧‍👧	child	family	girl	woman	family: woman, girl, girl	女の子	女性	子供	家族	親子	家族: 女性 女の子 女の子
🗣️	face	head	silhouette	speak	speaking	speaking head	シルエット	話す	話す人のシルエット	顔
👤	bust	mysterious	shadow	silhouette	bust in silhouette	1人	シルエット	上半身	人のシルエット	謎の人
👥	bff	bust	busts	everyone	friend	friends	people	silhouette	busts in silhouette	2人	2人のシルエット	シルエット	上半身	友達
🫂	comfort	embrace	farewell	friendship	goodbye	hello	hug	hugging	love	people	thanks	people hugging	ありがとう	お別れ	こんにちは	さようなら	ハグ	ハグする人	友情	慰め	抱擁	挨拶
👪	child	family	子供	家族	親子
🧑‍🧑‍🧒	adult	child	family	family: adult, adult, child	大人二人	子供一人	家族	家族: 大人二人と子供一人	親子
🧑‍🧑‍🧒‍🧒	adult	child	family	family: adult, adult, child, child	大人二人	子供二人	家族	家族: 大人二人と子供二人	親子
🧑‍🧒	adult	child	family	family: adult, child	大人一人	子供一人	家族	家族: 大人一人と子供一人	親子
🧑‍🧒‍🧒	adult	child	family	family: adult, child, child	大人一人	子供二人	家族	家族: 大人一人と子供二人	親子
👣	barefoot	clothing	footprint	footprints	omw	print	walk	裸足	足	足あと
🫆	clue	crime	detective	fingerprint	forensics	identity	mystery	print	safety	trace	セキュリティ	指紋	生体認証	鑑識
🐵	animal	banana	face	monkey	monkey face	サル	サルの顔	動物	猿	顔
🐒	animal	banana	monkey	サル	動物	猿
🦍	animal	gorilla	ゴリラ	動物	顔
🦧	animal	ape	monkey	orangutan	オランウータン	サル	動物	森の人	猿
🐶	adorbs	animal	dog	face	pet	puppies	puppy	dog face	イヌ	イヌの顔	ペット	動物	子犬	犬	顔
🐕	animal	animals	dog	dogs	pet	イヌ	ペット	動物	犬
🦮	accessibility	animal	blind	dog	guide	guide dog	アクセシビリティ	犬	盲導犬	視覚	補助	補助犬	障がい
🐕‍🦺	accessibility	animal	assistance	dog	service	service dog	アクセシビリティ	サービス	介助犬	犬	補助
🐩	animal	dog	fluffy	poodle	プードル	ペット	動物	犬
🐺	animal	face	wolf	オオカミ	オオカミの顔	動物	狼	顔
🦊	animal	face	fox	キツネ	キツネの顔	動物	狐	顔
🦝	animal	curious	raccoon	sly	アライグマ	ずる賢い	動物	好奇心	詮索好き
🐱	animal	cat	face	kitten	kitty	pet	cat face	ネコ	ネコの顔	ペット	動物	子猫	猫	顔
🐈	animal	animals	cat	cats	kitten	pet	ネコ	ペット	動物	猫
🐈‍⬛	animal	black	cat	feline	halloween	meow	unlucky	black cat	ネコ	不吉	動物	猫	黒	黒猫
🦁	alpha	animal	face	Leo	lion	mane	order	rawr	roar	safari	strong	zodiac	しし座	ライオン	ライオンの顔	動物	星座	顔
🐯	animal	big	cat	face	predator	tiger	tiger face	トラ	トラの顔	動物	虎	顔
🐅	animal	big	cat	predator	tiger	zoo	タイガー	トラ	動物	肉食動物	虎
🐆	animal	big	cat	leopard	predator	zoo	ヒョウ	動物	肉食動物
🐴	animal	dressage	equine	face	farm	horse	horses	horse face	ウマ	動物	顔	馬	馬の顔
🫎	alces	animal	antlers	elk	mammal	moose	エルク	ヘラジカ	ムース	動物	哺乳類	枝角	鹿
🫏	animal	ass	burro	donkey	hinny	mammal	mule	stubborn	ケッテイ	ラバ	ロバ	動物	哺乳類	馬
🐎	animal	equestrian	farm	horse	racehorse	racing	ウマ	ダービー	乗馬	動物	家畜	競走馬	競馬	馬
🦄	face	unicorn	ユニコーン	ユニコーンの顔	一角獣	動物	顔
🦓	animal	stripe	zebra	シマウマ	しましま	ゼブラ	動物	縞
🦌	animal	deer	シカ	動物	顔	鹿
🦬	animal	bison	buffalo	herd	wisent	バイソン	バッファロー	動物	牛	群れ	野牛
🐮	animal	cow	face	farm	milk	moo	cow face	ウシ	動物	牛	牛の顔	顔
🐂	animal	animals	bull	farm	ox	Taurus	zodiac	ウシ	おうし座	動物	星座	牛	牡牛
🐃	animal	buffalo	water	zoo	water buffalo	バッファロー	動物	水牛	牛
🐄	animal	animals	cow	farm	milk	moo	ウシ	乳牛	動物	家畜	牛	牝牛
🐷	animal	bacon	face	farm	pig	pork	pig face	ブタ	ブタの顔	動物	豚	顔
🐖	animal	bacon	farm	pig	pork	sow	ブタ	ポーク	動物	家畜	豚
🐗	animal	boar	pig	イノシシ	動物	猪	顔
🐽	animal	face	farm	nose	pig	smell	snout	pig nose	ブタ	ブタ鼻	動物	豚	顔	鼻
🐏	animal	Aries	horns	male	ram	sheep	zodiac	zoo	おひつじ座	ヒツジ	動物	星座	牡羊	羊
🐑	animal	baa	ewe	farm	female	fluffy	lamb	sheep	wool	ウール	ヒツジ	動物	家畜	羊	羊毛
🐐	animal	Capricorn	farm	goat	milk	zodiac	ヤギ	やぎ座	動物	家畜	山羊	星座
🐪	animal	camel	desert	dromedary	hump	one	コブ	ヒトコブラクダ	ラクダ	動物	砂漠
🐫	animal	bactrian	camel	desert	hump	two	two-hump	two-hump camel	コブ	フタコブ	フタコブラクダ	ラクダ	動物	砂漠
🦙	alpaca	animal	guanaco	llama	vicuña	wool	アルパカ	ウール	グアナコ	ビクーナ	ラマ	動物	羊毛
🦒	animal	giraffe	spots	キリン	動物
🐘	animal	elephant	ゾウ	動物	象
🦣	animal	extinction	large	mammoth	tusk	wooly	マンモス	動物	巨大	牙	絶滅
🦏	animal	rhinoceros	サイ	動物	顔
🦛	animal	hippo	hippopotamus	カバ	動物
🐭	animal	face	mouse	mouse face	ねずみ	ネズミ	ネズミの顔	動物	顔
🐁	animal	animals	mouse	ねずみ	ネズミ	ハツカネズミ	マウス	動物
🐀	animal	rat	ねずみ	ネズミ	ラット	動物
🐹	animal	face	hamster	pet	ネズミ	ハムスター	ハムスターの顔	ペット	動物	顔
🐰	animal	bunny	face	pet	rabbit	rabbit face	うさぎ	ウサギ	ウサギの顔	ペット	動物	顔
🐇	animal	bunny	pet	rabbit	うさぎ	ウサギ	ペット	動物
🐿️	animal	chipmunk	squirrel	シマリス	りす	リス	動物
🦫	animal	beaver	dam	teeth	ダム作り	ビーバー	動物
🦔	animal	hedgehog	spiny	とげ	はりねずみ	ハリネズミ	ヤマアラシ	動物
🦇	animal	bat	vampire	こうもり	コウモリ	バンパイア	動物	吸血鬼
🐻	animal	bear	face	grizzly	growl	honey	くま	クマ	クマの顔	動物	熊	顔
🐻‍❄️	animal	arctic	bear	polar	white	polar bear	クマ	シロクマ	ホッキョクグマ	動物	北極	白
🐨	animal	australia	bear	down	face	koala	marsupial	under	コアラ	動物	顔
🐼	animal	bamboo	face	panda	パンダ	パンダの顔	動物	顔
🦥	lazy	sloth	slow	ナマケモノ	のんびり	ものぐさ	動物
🦦	animal	fishing	otter	playful	カワウソ	ラッコ	動物	遊び好き	魚を食べる
🦨	animal	skunk	stink	スカンク	動物	悪臭
🦘	animal	joey	jump	kangaroo	marsupial	オーストラリア	カンガルー	ジャンプ	ジョーイ	動物	有袋類
🦡	animal	badger	honey	pester	アナグマ	ミツアナグマ	ラーテル	動物
🐾	feet	paw	paws	print	prints	paw prints	動物	犬	猫	肉球	足跡
🦃	bird	gobble	thanksgiving	turkey	ターキー	七面鳥	動物	鳥
🐔	animal	bird	chicken	ornithology	にわとり	ニワトリ	動物	顔	鳥
🐓	animal	bird	ornithology	rooster	おんどり	にわとり	ニワトリ	動物	鳥
🐣	animal	baby	bird	chick	egg	hatching	hatching chick	ひな	ひよこ	動物	卵	卵からかえったひよこ	顔	鳥
🐤	animal	baby	bird	chick	ornithology	baby chick	ひな	ひよこ	動物	横を向いているひよこ	顔	鳥
🐥	animal	baby	bird	chick	front-facing	newborn	ornithology	front-facing baby chick	ひな	ひよこ	前を向いているひよこ	動物	鳥
🐦	animal	bird	ornithology	動物	顔	鳥
🐧	animal	antarctica	bird	ornithology	penguin	ペンギン	動物	顔	鳥
🕊️	bird	dove	fly	ornithology	peace	ハト	動物	平和	鳥	鳩
🦅	animal	bird	eagle	ornithology	イーグル	ワシ	動物	鳥
🦆	animal	bird	duck	ornithology	カモ	動物	鳥
🦢	animal	bird	cygnet	duckling	ornithology	swan	ugly	ひな	みにくいアヒルの子	動物	白鳥	鳥
🦉	animal	bird	ornithology	owl	wise	フクロウ	ミミズク	動物	鳥
🦤	animal	bird	dodo	extinction	large	ornithology	ドードー	モーリシャス島	絶滅	飛べない鳥	鳥
🪶	bird	feather	flight	light	plumage	羽	羽根	羽毛	軽い	飛ぶ	鳥
🦩	animal	bird	flamboyant	flamingo	ornithology	tropical	ピンク色	フラミンゴ	動物	派手	熱帯	鳥
🦚	animal	bird	colorful	ornithology	ostentatious	peacock	peahen	pretty	proud	クジャク	ピーコック	孔雀	派手	鳥
🦜	animal	bird	ornithology	parrot	pirate	talk	オウム	しゃべる	動物	海賊	鳥
🪽	angelic	ascend	aviation	bird	fly	flying	heavenly	mythology	soar	wing	天使	天国	神話	空	羽	翼	飛び立つ	飛ぶ	飛行	鳥
🐦‍⬛	animal	beak	bird	black	caw	corvid	crow	ornithology	raven	rook	black bird	カーカー	カラス	くちばし	コクチョウ	ミヤマガラス	ワタリガラス	烏	鳥	鳥類	黒	黒い鳥
🪿	animal	bird	duck	flock	fowl	gaggle	gander	geese	goose	honk	ornithology	silly	アヒル	ガーガー	ガチョウ	まぬけ	鳥	鳥類
🐦‍🔥	ascend	ascension	emerge	fantasy	firebird	glory	immortal	phoenix	rebirth	reincarnation	reinvent	renewal	revival	revive	rise	transform	ファンタジー	フェニックス	不死鳥	再生	復活	火の鳥	生まれ変わり	神話	転生	輪廻
🐸	animal	face	frog	カエル	カエルの顔	動物	顔
🐊	animal	crocodile	zoo	クロコダイル	ワニ	動物	爬虫類
🐢	animal	terrapin	tortoise	turtle	カメ	亀	動物	爬虫類
🦎	animal	lizard	reptile	トカゲ	ヤモリ	動物	爬虫類
🐍	animal	bearer	Ophiuchus	serpent	snake	zodiac	ヘビ	へびつかい座	動物	星座	毒	爬虫類
🐲	animal	dragon	face	fairy	fairytale	tale	dragon face	ドラゴン	ドラゴンの顔	動物	竜	顔	龍
🐉	animal	dragon	fairy	fairytale	knights	tale	ドラゴン	動物	竜	龍
🦕	brachiosaurus	brontosaurus	dinosaur	diplodocus	sauropod	ディプロドクス	ブラキオサウルス	ブロントサウルス	恐竜	竜脚類	草食恐竜
🦖	dinosaur	Rex	T	T-Rex	Tyrannosaurus	ティラノサウルス	恐竜
🐳	animal	beach	face	ocean	spouting	whale	spouting whale	クジラ	動物	潮吹き	潮吹きクジラ
🐋	animal	beach	ocean	whale	クジラ	動物
🐬	animal	beach	dolphin	flipper	ocean	イルカ	ドルフィン	動物
🫍	marine	ocean	whale	orca	クジラ	海	海洋	シャチ
🦭	animal	lion	ocean	sea	seal	アザラシ	アシカ	オットセイ	トド	動物	海獣
🐟	animal	dinner	fish	fishes	fishing	Pisces	zodiac	うお座	フィッシング	動物	星座	釣り	魚
🐠	animal	fish	fishes	tropical	tropical fish	動物	熱帯魚	魚
🐡	animal	blowfish	fish	フグ	動物	魚
🦈	animal	fish	shark	サメ	動物	魚
🐙	animal	creature	ocean	octopus	オクトパス	タコ	動物	軟体動物
🐚	animal	beach	conch	sea	shell	spiral	spiral shell	動物	巻き貝	貝	貝殻
🪸	change	climate	coral	ocean	reef	sea	サンゴ	気候変動	海	珊瑚礁
🪼	animal	aquarium	burn	invertebrate	jelly	jellyfish	life	marine	ocean	ouch	plankton	sea	sting	stinger	tentacles	クラゲ	プランクトン	刺す	毒	水族館	海	海洋生物	無脊椎動物	触手	針
🦀	Cancer	crab	zodiac	カニ	動物	星座
🦞	animal	bisque	claws	lobster	seafood	ザリガニ	シーフード	はさみ	ビスク	レッドロブスター	ロブスター	動物
🦐	food	shellfish	shrimp	small	エビ	シーフード	シュリンプ	動物	小エビ
🦑	animal	food	mollusk	squid	イカ	シーフード	動物	軟体動物
🦪	diving	oyster	pearl	オイスター	カキ	シーフード	ダイビング	牡蠣	生ガキ	真珠	貝	魚介
🐌	animal	escargot	garden	nature	slug	snail	エスカルゴ	かたつむり	カタツムリ	でんでん虫	虫
🦋	butterfly	insect	pretty	チョウ	バタフライ	昆虫	虫	蝶
🐛	animal	bug	garden	insect	イモムシ	毛虫	芋虫	虫
🐜	animal	ant	garden	insect	アリ	昆虫	虫
🐝	animal	bee	bumblebee	honey	honeybee	insect	nature	spring	ハチ	ミツバチ	虫	蜂
🪲	animal	beetle	bug	insect	カブトムシ	つの	昆虫	虫
🐞	animal	beetle	garden	insect	lady	ladybird	ladybug	nature	lady beetle	テントウムシ	てんとう虫	虫
🦗	animal	bug	cricket	grasshopper	insect	Orthoptera	コオロギ	バッタ	昆虫	直翅目	虫
🪳	animal	cockroach	insect	pest	roach	ゴキブリ	害虫	虫
🕷️	animal	insect	spider	クモ	スパイダー	虫
🕸️	spider	web	spider web	ウェブ	クモ	クモの巣	スパイダー
🦂	Scorpio	scorpion	Scorpius	zodiac	サソリ	さそり座	星座	虫
🦟	bite	disease	fever	insect	malaria	mosquito	pest	virus	ウイルス	マラリア	刺す	熱	病気	虫	蚊
🪰	animal	disease	fly	insect	maggot	pest	rotting	ハエ	不潔	害虫	病原菌	虫
🪱	animal	annelid	earthworm	parasite	worm	ミミズ	寄生虫	虫
🦠	amoeba	bacteria	microbe	science	virus	アメーバ	ウイルス	バクテリア	微生物	科学	細菌
💐	anniversary	birthday	bouquet	date	flower	love	plant	romance	ブーケ	植物	花	花束
🌸	blossom	cherry	flower	plant	spring	springtime	cherry blossom	サクラ	桜	植物	花	開花
💮	flower	white	white flower	はなまる	よくできました	大変よくできました	花
🪷	beauty	Buddhism	calm	flower	Hinduism	lotus	peace	purity	serenity	ハスの花	ヒンドゥー教	仏教	極楽	清浄	花
🏵️	plant	rosette	植物	花	花飾り
🌹	beauty	elegant	flower	love	plant	red	rose	valentine	バラ	ローズ	植物	花	薔薇	赤いバラ
🥀	dying	flower	wilted	wilted flower	しおれた	しおれた花	花
🌺	flower	hibiscus	plant	ハイビスカス	植物	花
🌻	flower	outdoors	plant	sun	sunflower	ひまわり	ヒマワリ	花
🌼	blossom	buttercup	dandelion	flower	plant	キンポウゲ	咲いた花	植物	花	開花
🌷	blossom	flower	growth	plant	tulip	チューリップ	植物	花	開花
🪻	bloom	bluebonnet	flower	hyacinth	indigo	lavender	lilac	lupine	plant	purple	shrub	snapdragon	spring	violet	スミレ色	ヒヤシンス	ブルーボネット	ライラック	ラベンダー	植物	紫色	花	青紫
🌱	plant	sapling	seedling	sprout	young	双葉	新芽	芽
🪴	decor	grow	house	nurturing	plant	pot	potted	potted plant	ベランダ	植木鉢	植物	水やり	緑	苗	観葉植物	鉢植え
🌲	christmas	evergreen	forest	pine	tree	evergreen tree	常緑樹	木	森
🌳	deciduous	forest	green	habitat	shedding	tree	deciduous tree	木	森	落葉樹
🌴	beach	palm	plant	tree	tropical	palm tree	ビーチ	ヤシ	ヤシの木	木	熱帯
🌵	cactus	desert	drought	nature	plant	サボテン	植物	砂漠
🌾	ear	grain	grains	plant	rice	sheaf	sheaf of rice	ススキ	稲	稲穂	穀物	米	草
🌿	herb	leaf	plant	ハーブ	草	葉	薬草	香草
☘️	irish	plant	shamrock	クローバー	植物	草	葉
🍀	4	clover	four	four-leaf	irish	leaf	lucky	plant	four leaf clover	クローバー	四つ葉のクローバー	植物	草	葉
🍁	falling	leaf	maple	maple leaf	かえで	カエデ	もみじ	紅葉	落ち葉	葉
🍂	autumn	fall	fallen	falling	leaf	fallen leaf	木の葉	枯れ葉	落ち葉	葉	葉っぱ
🍃	blow	flutter	fluttering	leaf	wind	leaf fluttering in wind	木の葉	落ち葉	葉	葉っぱ	風	風に揺れる葉
🪹	branch	empty	home	nest	nesting	empty nest	営巣	巣	巣作り	空っぽの巣
🪺	bird	branch	egg	eggs	nest	nesting	nest with eggs	卵	営巣	巣	巣作り	鳥の卵と巣	鳥の巣
🍄	fungus	mushroom	toadstool	きのこ	キノコ	マッシュルーム	毒	菌類	野菜
🪾	bare	barren	branches	dead	drought	leafless	tree	trunk	winter	wood	leafless tree	不毛	冬	干ばつ	葉のない木	枯れ木
🍇	Dionysus	fruit	grape	grapes	グレープ	ぶどう	ブドウ	果物
🍈	cantaloupe	fruit	melon	マスクメロン	メロン	果物	野菜
🍉	fruit	watermelon	スイカ	果物	野菜
🍊	c	citrus	fruit	nectarine	orange	tangerine	vitamin	オレンジ	ネクタリン	ビタミンＣ	みかん	果物	柑橘類
🍋	citrus	fruit	lemon	sour	レモン	果物	柑橘類	酸っぱい
🍋‍🟩	acidity	citrus	cocktail	fruit	garnish	key	lime	margarita	mojito	refreshing	salsa	sour	tangy	tequila	tropical	zest	さわやか	トロピカル	フルーツ	マルガリータ	モヒート	ライム	果物	柑橘類	緑	酸っぱい
🍌	banana	fruit	potassium	カリウム	バナナ	果物
🍍	colada	fruit	pina	pineapple	tropical	トロピカル	パイナップル	パイン	果物
🥭	food	fruit	mango	tropical	トロピカル	フルーツ	マンゴー	果物	食べ物
🍎	apple	diet	food	fruit	health	red	ripe	red apple	アップル	りんご	果物	赤リンゴ
🍏	apple	fruit	green	green apple	アップル	りんご	果物	青リンゴ
🍐	fruit	pear	ナシ	果物	洋ナシ	西洋ナシ
🍑	fruit	peach	ピーチ	果物	桃
🍒	berries	cherries	cherry	fruit	red	さくらんぼ	チェリー	果物
🍓	berry	fruit	strawberry	いちご	ストロベリー	果物	苺
🫐	berries	berry	bilberry	blue	blueberries	blueberry	food	fruit	ビルベリー	ブルーベリー	ベリー	果物	食べ物
🥝	food	fruit	kiwi	kiwi fruit	キウイ	キウイフルーツ	果物
🍅	food	fruit	tomato	vegetable	トマト	果物	野菜
🫒	food	olive	オリーブ	実	果実	食べ物
🥥	coconut	colada	palm	piña	ココナツ	ココナッツ	ヤシの実	果物
🥑	avocado	food	fruit	アボカド	果物	野菜
🍆	aubergine	eggplant	vegetable	ナス	野菜
🥔	food	potato	vegetable	イモ	じゃがいも	ジャガイモ	ポテト	野菜
🥕	carrot	food	vegetable	ニンジン	人参	野菜
🌽	corn	crops	ear	farm	maize	maze	ear of corn	コーン	とうもろこし	トウモロコシ	野菜
🌶️	hot	pepper	hot pepper	とうがらし	辛い	野菜	香辛料
🫑	bell	capsicum	food	pepper	vegetable	bell pepper	とうがらし	パプリカ	ピーマン	野菜	青ピーマン
🥒	cucumber	food	pickle	vegetable	キュウリ	ピクルス	漬け物	野菜
🥬	bok	burgers	cabbage	choy	green	kale	leafy	lettuce	salad	leafy green	キャベツ	ケール	サラダ	チンゲン菜	レタス	葉野菜
🥦	broccoli	cabbage	wild	ブロッコリー	野菜
🧄	flavoring	garlic	ガーリック	におい	ニンニク	薬味	野菜	香り
🧅	flavoring	onion	タマネギ	ねぎ	玉ねぎ	薬味	野菜
🥜	food	nut	peanut	peanuts	vegetable	ナッツ	ピーナッツ	落花生	野菜
🫘	beans	food	kidney	legume	small	キドニービーンズ	ビーンズ	レッドキドニー	小豆	豆	赤インゲン豆	金時豆	食べ物
🌰	almond	chestnut	plant	くり	栗	野菜
🫚	beer	ginger	health	herb	natural	root	spice	ginger root	ショウガ	ジンジャー	スパイス	ハーブ	生姜	薬味	薬草
🫛	beans	beanstalk	edamame	legume	pea	pod	soybean	vegetable	veggie	pea pod	エンドウ豆	グリーンピース	さや	大豆	枝豆	豆	野菜
🍄‍🟫	food	fungi	fungus	mushroom	nature	pizza	portobello	shiitake	shroom	spore	sprout	toppings	truffle	vegetable	vegetarian	veggie	brown mushroom	きのこ	キノコ	しいたけ	トリュフ	ブラウンマッシュルーム	ポートベロー	マッシュルーム	椎茸	茸	菌類
🫜	beet	food	garden	radish	root	salad	turnip	vegetable	vegetarian	root vegetable	カブ	ビーツ	庭	根	野菜	根菜
🍞	bread	carbs	food	grain	loaf	restaurant	toast	wheat	パン	ベーカリー	小麦	食パン
🥐	bread	breakfast	crescent	croissant	food	french	roll	クロワッサン	パン	フランス	ベーカリー
🥖	baguette	bread	food	french	baguette bread	バゲット	パン	フランスパン	ベーカリー
🫓	arepa	bread	flatbread	food	gordita	lavash	naan	pita	アレパ	ナン	パン	ピタパン	フラットブレッド	ラバシ	食べ物
🥨	convoluted	pretzel	twisted	ねじり	パン	プレッツェル
🥯	bagel	bakery	bread	breakfast	schmear	クリームチーズ	パン	パン屋	ベーカリー	ベーグル	朝食
🥞	breakfast	crêpe	food	hotcake	pancake	pancakes	パンケーキ	ホットケーキ
🧇	breakfast	indecisive	iron	waffle	ふんわり	ワッフル	朝食	焼き菓子
🧀	cheese	wedge	cheese wedge	チーズ
🍖	bone	meat	meat on bone	もも肉	肉	骨	骨付き肉
🍗	bone	chicken	drumstick	hungry	leg	poultry	turkey	poultry leg	チキン	もも肉	肉	骨	骨付き肉	鶏もも肉
🥩	chop	cut	lambchop	meat	porkchop	red	steak	cut of meat	ステーキ	ステーキ肉	ビーフ	ポーク	ラム	肉	赤身肉
🥓	bacon	breakfast	food	meat	ベーコン	肉
🍔	burger	eat	fast	food	hamburger	hungry	バーガー	ハンバーガー	ファストフード
🍟	fast	food	french	fries	french fries	ファストフード	フライドポテト	フレンチフライ	ポテト	ポテトフライ
🍕	cheese	food	hungry	pepperoni	pizza	slice	チーズ	ピザ	ピッツァ	ペパロニ
🌭	dog	frankfurter	hot	hotdog	sausage	hot dog	ソーセージ	フランクフルト	ホットドッグ
🥪	bread	sandwich	サンドイッチ	パン
🌮	mexican	taco	タコス	メキシカン	メキシコ料理
🌯	burrito	mexican	wrap	ソフトタコス	ブリトー	メキシカン	メキシコ料理	ラップサンド
🫔	food	mexican	pamonha	tamale	wrapped	タマル	タマレス	ちまき	パモーニャ	メキシカン	食べ物
🥙	falafel	flatbread	food	gyro	kebab	stuffed	stuffed flatbread	ケバブ	ケバブサンド	ピタパン	ラップサンド
🧆	chickpea	falafel	meatball	コロッケ	ヒヨコマメ	ファラフェル	肉団子
🥚	breakfast	egg	food	卵
🍳	breakfast	cooking	easy	egg	fry	frying	over	pan	restaurant	side	sunny	up	フライパン	レストラン	卵	料理	朝食	目玉焼き
🥘	casserole	food	paella	pan	shallow	shallow pan of food	シーフード	パエリア	パエリア鍋
🍲	food	pot	soup	stew	pot of food	シチュー	スープ	なべ	煮物	煮込み
🫕	cheese	chocolate	fondue	food	melted	pot	ski	スイス	チーズ	チーズフォンデュ	チョコ	フォンデュ	溶かす	鍋	食べ物
🥣	bowl	breakfast	cereal	congee	oatmeal	porridge	spoon	bowl with spoon	オートミール	おかゆ	シリアル	ボウルとスプーン	朝食	粥
🥗	food	green	salad	green salad	グリーン	グリーンサラダ	サラダ
🍿	corn	movie	pop	popcorn	お菓子	ポップコーン
🧈	butter	dairy	バター	乳製品
🧂	condiment	flavor	mad	salt	salty	shaker	taste	upset	しょっぱい	塩	振りかけ容器	薬味	調味料
🥫	can	canned	food	canned food	缶	缶詰	非常食
🍱	bento	box	food	bento box	幕の内	弁当	弁当箱	駅弁
🍘	cracker	food	rice	rice cracker	お菓子	せんべい
🍙	ball	food	Japanese	rice	rice ball	おにぎり	おむすび	和食	米
🍚	cooked	food	rice	cooked rice	ごはん	ライス	米
🍛	curry	food	rice	curry rice	カレー	カレーライス	ライス
🍜	bowl	chopsticks	food	noodle	pho	ramen	soup	steaming	steaming bowl	スープ	どんぶり	ヌードル	ラーメン	熱々	箸	麺
🍝	food	meatballs	pasta	restaurant	spaghetti	イタリア料理	スパゲッティ	スパゲッティー	スパゲティ	パスタ	ミートソース
🍠	food	potato	roasted	sweet	roasted sweet potato	サツマイモ	焼き芋	芋
🍢	food	kebab	oden	restaurant	seafood	skewer	stick	おでん	串	練り物
🍣	food	sushi	お寿司	すし	寿司
🍤	fried	prawn	shrimp	tempura	fried shrimp	エビ	エビフライ	エビ天	フライ	天ぷら
🍥	cake	fish	food	pastry	restaurant	swirl	fish cake with swirl	なると	渦巻き	練り物
🥮	autumn	cake	festival	moon	yuèbǐng	moon cake	お祝い	中秋節	中華菓子	月餅	秋
🍡	dango	dessert	Japanese	skewer	stick	sweet	お団子	だんご	デザート	串	和菓子
🥟	dumpling	empanada	gyōza	jiaozi	pierogi	potsticker	ギョーザ	ぎょうざ	点心	肉まん	餃子
🥠	cookie	fortune	prophecy	fortune cookie	おみくじ	フォーチュンクッキー
🥡	box	chopsticks	delivery	food	oyster	pail	takeout	takeout box	テイクアウト弁当	デリバリー	中華	弁当	持ち帰り	箸
🍦	cream	dessert	food	ice	icecream	restaurant	serve	soft	sweet	soft ice cream	アイス	スイーツ	ソフト	ソフトクリーム	デザート
🍧	dessert	ice	restaurant	shaved	sweet	shaved ice	アイス	かき氷	シェイブアイス	スイーツ	デザート	氷
🍨	cream	dessert	food	ice	restaurant	sweet	ice cream	アイス	アイスクリーム	スイーツ	デザート
🍩	breakfast	dessert	donut	doughnut	food	sweet	お菓子	スイーツ	デザート	ドーナツ
🍪	chip	chocolate	cookie	dessert	sweet	お菓子	クッキー	スイーツ	チョコレートチップ	デザート
🎂	bday	birthday	cake	celebration	dessert	happy	pastry	sweet	birthday cake	お祝い	お菓子	ケーキ	スイーツ	バースデー	バースデーケーキ	ハッピーバースデー	誕生日
🍰	cake	dessert	pastry	shortcake	slice	sweet	お菓子	ケーキ	ショートケーキ	スイーツ	デザート
🧁	bakery	cupcake	dessert	sprinkles	sugar	sweet	treat	おやつ	お菓子	カップケーキ	ケーキ	スイーツ	ベーカリー	砂糖
🥧	apple	filling	fruit	meat	pastry	pie	pumpkin	slice	アップルパイ	お菓子	タルト	パイ	パンプキンパイ	ミートパイ
🍫	bar	candy	chocolate	dessert	halloween	sweet	tooth	chocolate bar	お菓子	スイーツ	チョコ	チョコレート	デザート	板チョコ
🍬	candy	cavities	dessert	halloween	restaurant	sweet	tooth	wrapper	あめ	お菓子	キャンディ	虫歯
🍭	candy	dessert	food	lollipop	restaurant	sweet	あめ	お菓子	キャンディ	ぺろぺろキャンディ	棒付きキャンディ
🍮	custard	dessert	pudding	sweet	お菓子	カスタード	スイーツ	デザート	プリン
🍯	barrel	bear	food	honey	honeypot	jar	pot	sweet	honey pot	はちみつ	ハチミツ	ハニー	プーさん	壺	甘い
🍼	babies	baby	birth	born	bottle	drink	infant	milk	newborn	baby bottle	ほにゅう瓶	ミルク	哺乳瓶	新生児	赤ちゃん
🥛	drink	glass	milk	glass of milk	グラス	コップ	ミルク	牛乳	牛乳入りのコップ
☕	beverage	cafe	caffeine	chai	coffee	drink	hot	morning	steaming	tea	hot beverage	カフェ	カフェイン	コーヒー	ホットドリンク	温かい飲み物	紅茶	飲み物
🫖	brew	drink	food	pot	tea	teapot	お茶	ティーポット	急須	茶器	飲み物
🍵	beverage	cup	drink	handle	oolong	tea	teacup	teacup without handle	お茶	湯飲み	緑茶	茶碗	飲み物
🍶	bar	beverage	bottle	cup	drink	restaurant	sake	徳利	日本酒	猪口	酒
🍾	bar	bottle	cork	drink	popping	bottle with popping cork	コルク	シャンパン	シャンペン	スパークリングワイン	スプマンテ	バー	ボトル	泡	飲み物
🍷	alcohol	bar	beverage	booze	club	drink	drinking	drinks	glass	restaurant	wine	wine glass	アルコール	お酒	グラス	バー	ワイン	ワイングラス
🍸	alcohol	bar	booze	club	cocktail	drink	drinking	drinks	glass	mad	martini	men	cocktail glass	アルコール	お酒	カクテル	カクテルグラス	グラス	クラブ	バー	マティーニ
🍹	alcohol	bar	booze	club	cocktail	drink	drinking	drinks	drunk	mai	party	tai	tropical	tropics	tropical drink	アルコール	お酒	カクテル	トロピカル	トロピカルドリンク	バー	マイタイ
🍺	alcohol	ale	bar	beer	booze	drink	drinking	drinks	mug	octoberfest	oktoberfest	pint	stein	summer	beer mug	アルコール	オクトーバーフェスト	お酒	ジョッキ	バー	ビール	ビールジョッキ	居酒屋
🍻	alcohol	bar	beer	booze	bottoms	cheers	clink	clinking	drinking	drinks	mugs	clinking beer mugs	アルコール	ジョッキ	バー	ビール	ビールで乾杯	乾杯	宴会
🥂	celebrate	clink	clinking	drink	glass	glasses	clinking glasses	グラス	グラスで乾杯	シャンパン	シャンペン	スパークリングワイン	スプマンテ	乾杯	祝杯
🥃	glass	liquor	scotch	shot	tumbler	whiskey	whisky	tumbler glass	ウィスキー	ウイスキー	グラス	ショット	スコッチ	タンブラー	タンブラーグラス
🫗	accident	drink	empty	glass	liquid	oops	pour	pouring	spill	water	pouring liquid	ガラス	コップから注ぐ	こぼす	水	液体	飲み物
🥤	cup	drink	juice	malt	soda	soft	straw	water	cup with straw	コップ	ジュース	ストローカップ	ソーダ	ソフトドリンク	水
🧋	boba	bubble	food	milk	pearl	tea	bubble tea	お茶	タピオカ	タピオカドリンク	ドリンク	バブルティー	ミルクティー	飲み物
🧃	beverage	box	juice	straw	sweet	beverage box	ジュース	ストロー	ドリンク	紙パック飲料	飲み物
🧉	drink	mate	お茶	ドリンク	マテ茶	飲み物
🧊	cold	cube	ice	iceberg	冷たい	氷	氷山	角氷
🥢	chopsticks	hashi	jeotgarak	kuaizi	おはし	はし	箸
🍽️	cooking	dinner	eat	fork	knife	plate	fork and knife with plate	お皿	ディナー	ナイフ	ナイフとフォークと皿	フォーク	皿	食器
🍴	breakfast	breaky	cooking	cutlery	delicious	dinner	eat	feed	food	fork	hungry	knife	lunch	restaurant	yum	yummy	fork and knife	カトラリー	ごちそう	ディナー	ナイフ	ナイフとフォーク	フォーク	レストラン	朝食	食事	食器
🥄	eat	spoon	tableware	カトラリー	スプーン	食器
🔪	chef	cooking	hocho	kitchen	knife	tool	weapon	kitchen knife	ナイフ	凶器	包丁	料理	調理器具
🫙	condiment	container	empty	jar	nothing	sauce	store	ジャー	びん	保存	容器	瓶	空	空き瓶	調味料
🏺	amphora	Aquarius	cooking	drink	jug	tool	weapon	zodiac	かめ	壺	星座	水瓶
🌍	Africa	earth	Europe	Europe-Africa	globe	showing	world	globe showing Europe-Africa	アフリカ	ヨーロッパ	世界	地球	地球（ヨーロッパとアフリカ）
🌎	Americas	earth	globe	showing	world	globe showing Americas	アメリカ	アメリカ大陸	世界	地球	地球（アメリカ大陸）
🌏	Asia	Asia-Australia	Australia	earth	globe	showing	world	globe showing Asia-Australia	アジア	オーストラリア	世界	地球	地球（アジアとオーストラリア）
🌐	earth	globe	internet	meridians	web	world	worldwide	globe with meridians	インターネット	地球	子午線	子午線のある地球
🗺️	map	world	world map	マップ	世界	世界地図	地図
🗾	Japan	map	map of Japan	地図	日本	日本地図
🧭	compass	direction	magnetic	navigation	orienteering	オリエンテーリング	コンパス	方位磁針	方角	磁石	航海	航空
🏔️	cold	mountain	snow	snow-capped	snow-capped mountain	冠雪	山	雪	雪山
⛰️	mountain	山	山岳
🛘	avalanche	danger	disaster	earthquake	mountain	mudslide	rocks	landslide	土砂災害	山	山崩れ	岩石	崩落	災害	落石	地滑り
🌋	eruption	mountain	nature	volcano	噴火	山	溶岩	火山
🗻	fuji	mount	mountain	nature	mount fuji	富士山	山
🏕️	camping	キャンプ	テント	山
🏖️	beach	umbrella	beach with umbrella	パラソル	ビーチ	ビーチパラソル	砂浜
🏜️	desert	サボテン	サボテンのある砂漠	砂漠
🏝️	desert	island	desert island	ヤシ	ヤシの木のある島	島	無人島
🏞️	national	park	national park	公園	国立公園	自然
🏟️	stadium	スタジアム	競技場	野球場
🏛️	building	classical	classical building	古代	史跡	歴史	歴史的な建物	歴史的建造物
🏗️	building	construction	crane	building construction	クレーン	工事	建築	建設	建設中
🧱	brick	bricks	clay	mortar	wall	しっくい	ブロック	モルタル	れんが	壁	煉瓦	粘土
🪨	boulder	heavy	rock	solid	stone	tough	岩	岩石	巨岩	石	石材	硬い	重たい
🪵	log	lumber	timber	wood	ログ	丸太	切り株	木	木材	材木	樹木
🛖	home	house	hut	roundhouse	shelter	yurt	バンガロー	ユルト	わらぶき小屋	家	小屋
🏘️	house	houses	住宅街	家	街	複数の家
🏚️	derelict	home	house	derelict house	家	廃屋	建物	空き家
🏠	building	country	heart	home	house	ranch	settle	simple	suburban	suburbia	where	マイホーム	一戸建て	家	建物	郊外
🏡	building	country	garden	heart	home	house	ranch	settle	simple	suburban	suburbia	where	house with garden	マイホーム	一戸建て	家	庭	庭付きの家	建物	郊外
🏢	building	city	cubical	job	office	office building	オフィスビル	会社	建物	社屋	都会
🏣	building	Japanese	office	post	Japanese post office	建物	郵便	郵便局
🏤	building	European	office	post	post office	建物	西洋の郵便局	郵便
🏥	building	doctor	hospital	medicine	医者	建物	病院	薬
🏦	bank	building	建物	銀行
🏨	building	hotel	ホテル	建物
🏩	building	hotel	love	love hotel	ホテル	ラブホ	ラブホテル	建物
🏪	24	building	convenience	hours	store	convenience store	24時間営業	コンビニ	コンビニエンスストア	店	建物
🏫	building	school	学校	建物	校舎
🏬	building	department	store	department store	デパート	ビル	店舗	建物	百貨店
🏭	building	factory	ファクトリー	工場	建物	煙突
🏯	building	castle	Japanese	Japanese castle	城	建物	日本	日本の城
🏰	building	castle	European	キャッスル	城	建物	西洋の城
💒	chapel	hitched	nuptials	romance	wedding	チャペル	ロマンス	建物	式場	教会	礼拝堂	結婚	結婚式
🗼	Tokyo	tower	Tokyo tower	タワー	塔	東京	東京タワー
🗽	liberty	Liberty	new	ny	nyc	statue	Statue	york	Statue of Liberty	アメリカ	ニューヨーク	彫像	自由の女神
⛪	bless	chapel	Christian	church	cross	religion	キリスト教	チャペル	十字架	宗教	建物	教会	礼拝堂
🕌	islam	masjid	mosque	Muslim	religion	イスラム教	モスク	宗教	建物
🛕	hindu	temple	hindu temple	ヒンズー教	ヒンドゥー教の寺院	宗教	寺	建物
🕍	Jew	Jewish	judaism	religion	synagogue	temple	シナゴーグ	ユダヤ教	宗教	建物
⛩️	religion	shinto	shrine	shinto shrine	宗教	建物	神社	神道	鳥居
🕋	hajj	islam	kaaba	Muslim	religion	umrah	イスラム教	カーバ	メッカ	宗教	建物	聖地	巡礼
⛲	fountain	噴水
⛺	camping	tent	キャンプ	テント
🌁	fog	foggy	もや	都会	霧	霧の都会
🌃	night	star	stars	night with stars	夜	夜の都会	夜景	星	星空
🏙️	city	cityscape	ビル群	都会	都市	高層ビル
🌄	morning	mountains	over	sun	sunrise	sunrise over mountains	ご来光	太陽	山から日の出	日の出	朝	朝日
🌅	morning	nature	sun	sunrise	太陽	日の出	日光	朝	朝日
🌆	at	building	city	cityscape	dusk	evening	landscape	sun	sunset	cityscape at dusk	ビル	夕方	夕日	夕暮れ	夕暮れの都会	都会	都市
🌇	building	dusk	sun	sunset	ビル	夕方	夕日	夕暮れ	太陽	日暮れ	日没
🌉	at	bridge	night	bridge at night	夜	夜の橋	夜景	橋
♨️	hot	hotsprings	springs	steaming	hot springs	温泉	温泉マーク	湯気
🎠	carousel	entertainment	horse	carousel horse	メリーゴーラウンド	メリーゴーランド	回転木馬	遊園地	馬
🛝	amusement	park	play	playground	playing	slide	sliding	theme	playground slide	すべり台	公園	遊具
🎡	amusement	ferris	park	theme	wheel	ferris wheel	アミューズメントパーク	観覧車	遊園地
🎢	amusement	coaster	park	roller	theme	roller coaster	アミューズメントパーク	ジェットコースター	遊園地
💈	barber	cut	fresh	haircut	pole	shave	barber pole	バーバー	ヘアサロン	床屋	理容室	理容院	理髪店	美容室	美容院
🎪	circus	tent	circus tent	サーカス	サーカス小屋	テント
🚂	caboose	engine	locomotive	railway	steam	train	trains	travel	SL	乗り物	列車	機関車	汽車	蒸気機関車	鉄道
🚃	car	electric	railway	train	tram	travel	trolleybus	railway car	トロリーバス	乗り物	列車	鉄道	電車
🚄	high-speed	railway	shinkansen	speed	train	high-speed train	乗り物	新幹線	鉄道	電車	高速列車
🚅	bullet	high-speed	nose	railway	shinkansen	speed	train	travel	bullet train	0系	0系新幹線	丸い新幹線	乗り物	新幹線	鉄道	電車	高速列車
🚆	arrived	choo	railway	train	乗り物	列車	電車	電車正面
🚇	metro	subway	travel	メトロ	乗り物	地下鉄	電車
🚈	arrived	light	monorail	rail	railway	light rail	モノレール	ライトレール	乗り物	鉄道	電車
🚉	railway	station	train	ステーション	乗り物	列車	電車	駅
🚊	tram	trolleybus	乗り物	路面電車	路面電車正面	電車
🚝	monorail	vehicle	モノレール	乗り物	電車
🚞	car	mountain	railway	trip	mountain railway	乗り物	登山鉄道	登山電車	電車
🚋	bus	car	tram	trolley	trolleybus	tram car	トロリーバス	乗り物	路面電車	電車
🚌	bus	school	vehicle	スクールバス	バス	乗り物	車
🚍	bus	cars	oncoming	oncoming bus	バス	バス正面	乗り物	車
🚎	bus	tram	trolley	trolleybus	トロリーバス	バス	乗り物	路面電車
🚐	bus	drive	minibus	van	vehicle	バス	マイクロバス	ミニバス	乗り物	小型バス	車
🚑	ambulance	emergency	vehicle	乗り物	救急車	車
🚒	engine	fire	truck	fire engine	乗り物	消防車	車
🚓	5–0	car	cops	patrol	police	police car	パトカー	パトロール	乗り物	警察
🚔	car	oncoming	police	oncoming police car	パトカー	パトカー正面	乗り物	警察
🚕	cab	cabbie	car	drive	taxi	vehicle	yellow	イエローキャブ	タクシー	乗り物	車
🚖	cab	cabbie	cars	drove	hail	oncoming	taxi	yellow	oncoming taxi	イエローキャブ	タクシー	タクシー正面	乗り物	車
🚗	automobile	car	driving	vehicle	ドライブ	乗り物	乗用車	自動車	車
🚘	automobile	car	cars	drove	oncoming	vehicle	oncoming automobile	ドライブ	乗り物	乗用車	自動車	自動車正面	車
🚙	car	drive	recreational	sport	sportutility	utility	vehicle	sport utility vehicle	RV車	SUV車	アールブイ車	乗り物	乗用車	自動車	車
🛻	automobile	car	flatbed	pick-up	pickup	transportation	truck	pickup truck	トラック	ピックアップトラック	乗り物	自動車	車	軽トラック	配達
🚚	car	delivery	drive	truck	vehicle	delivery truck	トラック	乗り物	車	配送	配達
🚛	articulated	car	drive	lorry	move	semi	truck	vehicle	articulated lorry	トラック	トレーラー	乗り物	車
🚜	tractor	vehicle	トラクター	乗り物	車
🏎️	car	racing	zoom	racing car	F1	カーレース	スポーツ	モータースポーツ	レーシングカー	レース	乗り物	車
🏍️	motorcycle	racing	オートバイ	オートレース	スポーツ	バイク	モータースポーツ	乗り物
🛵	motor	scooter	motor scooter	オートバイ	スクーター	バイク	原付
🦽	accessibility	manual	wheelchair	manual wheelchair	アクセシビリティ	手動式車椅子	椅子	車椅子
🦼	accessibility	motorized	wheelchair	motorized wheelchair	アクセシビリティ	椅子	車椅子	電動車椅子
🛺	auto	rickshaw	tuk	auto rickshaw	オートリクシャー	タクシー	トゥクトゥク	リクシャー	三輪タクシー
🚲	bicycle	bike	class	cycle	cycling	cyclist	gang	ride	spin	spinning	サイクリング	乗り物	自転車
🛴	kick	scooter	kick scooter	キックスクーター	キックスケーター	キックボード
🛹	board	skate	skateboard	skater	wheels	スケートボード	スケボー	ボード
🛼	blades	roller	skate	skates	sport	roller skate	スケート	スポーツ	ローラースケート
🚏	bus	busstop	stop	bus stop	バス乗り場	バス停	乗り物	停留所
🛣️	highway	motorway	road	ハイウェイ	道路	高速	高速道路
🛤️	railway	track	train	railway track	線路	軌道	鉄道
🛢️	drum	oil	oil drum	オイル	ドラム缶	石油
⛽	diesel	fuel	fuelpump	gas	gasoline	pump	station	fuel pump	ガソリン	ガソリンスタンド	ガソリンノズル	給油
🛞	car	circle	tire	turn	vehicle	wheel	スポーク	タイヤ	ホイール	自動車	車	車輪
🚨	alarm	alert	beacon	car	emergency	light	police	revolving	siren	police car light	サイレン	パトカー	パトランプ	緊急	警察	赤色灯
🚥	horizontal	intersection	light	signal	stop	stoplight	traffic	horizontal traffic light	交差点	交通	信号	信号横	信号機
🚦	drove	intersection	light	signal	stop	stoplight	traffic	vertical	vertical traffic light	交差点	交通	信号	信号機	信号縦
🛑	octagonal	sign	stop	stop sign	ストップ	八角形	標識	止まれ	止まれの標識
🚧	barrier	construction	サイン	工事中	通行止め
⚓	anchor	ship	tool	いかり	碇	船	錨
🛟	buoy	float	life	lifesaver	preserver	rescue	ring	safety	save	saver	swim	ring buoy	ブイ	ライフセーバー	レスキュー	安全	救助	救命具	救命浮環	浮き輪
⛵	boat	resort	sailboat	sailing	sea	yacht	セーリング	ヨット	乗り物	帆船	船
🛶	boat	canoe	カヌー	カヤック	ボート	乗り物	船
🚤	billionaire	boat	lake	luxury	millionaire	speedboat	summer	travel	スピードボート	ボート	モーターボート	乗り物	快速艇	船
🛳️	passenger	ship	passenger ship	乗り物	客船	旅客船	船
⛴️	boat	ferry	passenger	フェリー	乗り物	客船	船
🛥️	boat	motor	motorboat	motor boat	ボート	モーターボート	乗り物	船
🚢	boat	passenger	ship	travel	タイタニック号	乗り物	客船	船
✈️	aeroplane	airplane	fly	flying	jet	plane	travel	ジェット機	乗り物	旅行	航空機	飛行機
🛩️	aeroplane	airplane	plane	small	small airplane	乗り物	小型機	小型飛行機	航空機	飛行機
🛫	aeroplane	airplane	check-in	departure	departures	plane	airplane departure	乗り物	航空機	離陸	飛行機	飛行機離陸
🛬	aeroplane	airplane	arrival	arrivals	arriving	landing	plane	airplane arrival	乗り物	着陸	航空機	飛行機	飛行機着陸
🪂	hang-glide	parachute	parasail	skydive	スカイダイビング	パラグライダー	パラシュート	パラセーリング	ハンググライダー
💺	chair	seat	シート	席	座席	椅子
🚁	copter	helicopter	roflcopter	travel	vehicle	ヘリ	ヘリコプター	乗り物
🚟	railway	suspension	suspension railway	モノレール	乗り物	懸垂式モノレール	電車
🚠	cable	cableway	gondola	lift	mountain	ski	mountain cableway	ケーブルカー	ゴンドラ	リフト	乗り物
🚡	aerial	cable	car	gondola	ropeway	tramway	aerial tramway	ゴンドラ	ロープウェイ	乗り物
🛰️	satellite	space	人工衛星	宇宙
🚀	launch	rocket	rockets	space	travel	ロケット	乗り物	宇宙	宇宙旅行	発射
🛸	aliens	extra	flying	saucer	terrestrial	UFO	flying saucer	乗り物	宇宙	宇宙人	未確認飛行物体	空飛ぶ円盤
🛎️	bell	bellhop	hotel	bellhop bell	ベル	ベルボーイベル	ホテル
🧳	bag	luggage	packing	roller	suitcase	travel	キャリーケース	スーツケース	パッキング	旅行	旅行かばん
⌛	done	hourglass	sand	time	timer	hourglass done	タイマー	時計	砂	砂時計
⏳	done	flowing	hourglass	hours	not	sand	timer	waiting	yolo	hourglass not done	タイマー	時計	時間	砂	砂が落ちている砂時計	砂時計
⌚	clock	time	watch	ウォッチ	時計	時間	腕時計
⏰	alarm	clock	hours	hrs	late	time	waiting	alarm clock	アラーム	時計	時間	目覚まし	目覚まし時計
⏱️	clock	stopwatch	time	ストップウォッチ	タイム	時計
⏲️	clock	timer	timer clock	タイマー	時計
🕰️	clock	mantelpiece	time	mantelpiece clock	マンテルクロック	時計	時間	置き時計	置時計
🕛	12	12:00	clock	o’clock	time	twelve	twelve o’clock	12時	時計	正午	零時
🕧	12	12:30	30	clock	thirty	time	twelve	twelve-thirty	12時30分	12時半	時計
🕐	1	1:00	clock	o’clock	one	time	one o’clock	1時	時計
🕜	1	1:30	30	clock	one	one-thirty	thirty	time	1時30分	1時半	時計
🕑	2	2:00	clock	o’clock	time	two	two o’clock	2時	時計
🕝	2	2:30	30	clock	thirty	time	two	two-thirty	2時30分	2時半	時計
🕒	3	3:00	clock	o’clock	three	time	three o’clock	3時	時計
🕞	3	3:30	30	clock	thirty	three	three-thirty	time	3時30分	3時半	時計
🕓	4	4:00	clock	four	o’clock	time	four o’clock	4時	時計
🕟	30	4	4:30	clock	four	four-thirty	thirty	time	4時30分	4時半	時計
🕔	5	5:00	clock	five	o’clock	time	five o’clock	5時	時計
🕠	30	5	5:30	clock	five	five-thirty	thirty	time	5時30分	5時半	時計
🕕	6	6:00	clock	o’clock	six	time	six o’clock	6時	時計
🕡	30	6	6:30	clock	six	six-thirty	thirty	6時30分	6時半	時計
🕖	0	7	7:00	clock	o’clock	seven	seven o’clock	7時	時計
🕢	30	7	7:30	clock	seven	seven-thirty	thirty	7時30分	7時半	時計
🕗	8	8:00	clock	eight	o’clock	time	eight o’clock	8時	時計
🕣	30	8	8:30	clock	eight	eight-thirty	thirty	time	8時30分	8時半	時計
🕘	9	9:00	clock	nine	o’clock	time	nine o’clock	9時	時計
🕤	30	9	9:30	clock	nine	nine-thirty	thirty	time	9時30分	9時半	時計
🕙	0	10	10:00	clock	o’clock	ten	ten o’clock	10時	時計
🕥	10	10:30	30	clock	ten	ten-thirty	thirty	time	10時30分	10時半	時計
🕚	11	11:00	clock	eleven	o’clock	time	eleven o’clock	11時	時計
🕦	11	11:30	30	clock	eleven	eleven-thirty	thirty	time	11時30分	11時半	時計
🌑	dark	moon	new	space	new moon	宇宙	新月	月	闇
🌒	crescent	dreams	moon	space	waxing	waxing crescent moon	三日月	初月	宇宙	月
🌓	first	moon	quarter	space	first quarter moon	上弦	上弦の月	半月	宇宙	月
🌔	gibbous	moon	space	waxing	waxing gibbous moon	十三夜月	十日夜の月	宇宙	月
🌕	full	moon	space	full moon	宇宙	月	満月
🌖	gibbous	moon	space	waning	waning gibbous moon	宇宙	寝待月	居待月	月
🌗	last	moon	quarter	space	last quarter moon	下弦	下弦の月	半月	宇宙	月
🌘	crescent	moon	space	waning	waning crescent moon	三日月	宇宙	月	有明月
🌙	crescent	moon	ramadan	space	crescent moon	三日月	宇宙	月
🌚	face	moon	new	space	new moon face	新月	月	顔	顔のある新月
🌛	face	first	moon	quarter	space	first quarter moon face	上弦の月	半月	月	顔	顔のある上弦の月
🌜	dreams	face	last	moon	quarter	last quarter moon face	下弦の月	半月	月	顔	顔のある下弦の月
🌡️	thermometer	weather	天気	寒暖計	気温	温度	温度計
☀️	bright	rays	space	sun	sunny	weather	天気	太陽	日光	晴れ
🌝	bright	face	full	moon	full moon face	月	満月	顔	顔のある満月
🌞	beach	bright	day	face	heat	shine	sun	sunny	sunshine	weather	sun with face	太陽	顔	顔のある太陽
🪐	planet	ringed	saturn	saturnine	ringed planet	リング	土星	天体	惑星	星	環のある惑星
⭐	astronomy	medium	star	stars	white	スター	天文学	星
🌟	glittery	glow	glowing	night	shining	sparkle	star	win	glowing star	きらきら	キラキラ	きらきら星	スター	星	輝き
🌠	falling	night	shooting	space	star	shooting star	スター	夜	宇宙	星	流れ星
🌌	milky	space	way	milky way	ミルキーウェイ	夜空	天の川	宇宙	星空	銀河
☁️	cloud	weather	天気	曇り	雲
⛅	behind	cloud	cloudy	sun	weather	sun behind cloud	天気	太陽	曇り	曇り時々晴れ	雲
⛈️	cloud	lightning	rain	thunder	thunderstorm	cloud with lightning and rain	天気	稲妻	雨	雲	雷	雷雨	雷雲
🌤️	behind	cloud	sun	weather	sun behind small cloud	天気	太陽	晴れ	晴れ時々曇り	雲
🌥️	behind	cloud	sun	weather	sun behind large cloud	天気	太陽	曇り	曇り一時晴れ	雲
🌦️	behind	cloud	rain	sun	weather	sun behind rain cloud	天気	天気雨	太陽	曇り	雨時々晴れ	雲
🌧️	cloud	rain	weather	cloud with rain	天気	雨	雨雲	雲
🌨️	cloud	cold	snow	weather	cloud with snow	天気	雪	雪雲	雲
🌩️	cloud	lightning	weather	cloud with lightning	天気	稲妻	雲	雷	雷雲
🌪️	cloud	tornado	weather	whirlwind	トルネード	天気	突風	竜巻
🌫️	cloud	fog	weather	天気	曇り	雲	霧
🌬️	blow	cloud	face	wind	wind face	雲	顔	顔のある風	風
🌀	cyclone	dizzy	hurricane	twister	typhoon	weather	サイクロン	ハリケーン	めまい	もやもや	台風	天気	渦巻き
🌈	gay	genderqueer	glbt	glbtq	lesbian	lgbt	lgbtq	lgbtqia	nature	pride	queer	rain	rainbow	trans	transgender	weather	GLBT	GLBTQ	LGBT	LGBTQ	ゲイ	トランスジェンダー	バイセクシュアル	レインボー	レズビアン	天気	虹
🌂	closed	clothing	rain	umbrella	closed umbrella	傘	天気	持ち物	閉じた傘	雨
☂️	clothing	rain	umbrella	傘	天気	持ち物	雨
☔	clothing	drop	drops	rain	umbrella	weather	umbrella with rain drops	傘	傘と雨	天気	持ち物	雨	雨粒
⛱️	ground	rain	sun	umbrella	umbrella on ground	パラソル	ビーチ	傘	日傘	砂浜	雨
⚡	danger	electric	electricity	high	lightning	nature	thunder	thunderbolt	voltage	zap	high voltage	危険	稲妻	雷	電気	高電圧
❄️	cold	snow	snowflake	weather	天気	結晶	雪	雪の結晶
☃️	cold	man	snow	snowman	雪	雪だるま	雪だるまと雪
⛄	cold	man	snow	snowman	snowman without snow	雪	雪だるま
☄️	comet	space	すい星	宇宙	彗星
🔥	af	burn	fire	flame	hot	lit	litaf	tool	ファイアー	ファイヤー	火	炎	熱い	燃える
💧	cold	comic	drop	droplet	nature	sad	sweat	tear	water	weather	しずく	たらーっ	水	水滴	汗	涙
🌊	nature	ocean	surf	surfer	surfing	water	wave	water wave	天気	波	波浪	海	自然
🎃	celebration	halloween	jack	jack-o-lantern	lantern	pumpkin	かぼちゃ	ハロウィーン	ハロウィン	ハロウィンかぼちゃ
🎄	celebration	Christmas	tree	Christmas tree	クリスマス	クリスマスイブ	クリスマスツリー	ツリー
🎆	boom	celebration	entertainment	fireworks	yolo	お祭り	どーん	打ち上げ花火	花火	花火大会
🎇	boom	celebration	fireworks	sparkle	sparkler	お祭り	火花	線香花火	花火
🧨	dynamite	explosive	fire	firecracker	fireworks	light	pop	popping	spark	ダイナマイト	火花	火薬	爆発	爆発物	爆竹	爆薬	花火
✨	*	magic	sparkle	sparkles	star	きらきら	キラキラ	スター	ぴかぴか	星
🎈	balloon	birthday	celebrate	celebration	バルーン	風船
🎉	awesome	birthday	celebrate	celebration	excited	hooray	party	popper	tada	woohoo	party popper	お祝い	クラッカー	パーティー	パーティークラッカー	誕生日
🎊	ball	celebrate	celebration	confetti	party	woohoo	confetti ball	お祝い	くす玉	パーティー	紙吹雪
🎋	banner	celebration	Japanese	tanabata	tree	tanabata tree	七夕	和	日本	短冊	笹飾り
🎍	bamboo	celebration	decoration	Japanese	pine	plant	pine decoration	お祝い	和	日本	正月	竹	門松
🎎	celebration	doll	dolls	festival	Japanese	Japanese dolls	おだいり様	おひな様	お祝い	ひな人形	ひな祭り	人形	和	日本
🎏	carp	celebration	streamer	carp streamer	お祝い	こいのぼり	子供の日
🎐	bell	celebration	chime	wind	wind chime	夏	鈴	風	風鈴
🎑	celebration	ceremony	moon	viewing	moon viewing ceremony	ススキ	十五夜	団子	月	月見
🧧	envelope	gift	good	hóngbāo	lai	luck	money	red	see	red envelope	お年玉	お金	ご祝儀	幸運	紅包	赤い封筒
🎀	celebration	ribbon	お祝い	リボン
🎁	birthday	bow	box	celebration	christmas	gift	present	surprise	wrapped	wrapped gift	お祝い	ギフト	プレゼント	リボン	箱
🎗️	celebration	reminder	ribbon	reminder ribbon	お祝い	リボン	リマインダー	リマインダーリボン
🎟️	admission	ticket	tickets	admission tickets	チケット	入場パス	入場券	半券
🎫	admission	stub	ticket	チケット	入場券	切符	半券
🎖️	award	celebration	medal	military	military medal	お祝い	メダル	勲章	表彰
🏆	champion	champs	prize	slay	sport	trophy	victory	win	winning	チャンピオン	トロフィー	優勝	優勝カップ	表彰	賞杯
🏅	award	gold	medal	sports	winner	sports medal	スポーツ	メダル	優勝	表彰	金	金メダル
🥇	1st	first	gold	medal	place	1st place medal	1位	ゴールド	メダル	優勝	金	金メダル
🥈	2nd	medal	place	second	silver	2nd place medal	2位	シルバー	メダル	銀	銀メダル
🥉	3rd	bronze	medal	place	third	3rd place medal	3位	ブロンズ	メダル	銅	銅メダル
⚽	ball	football	futbol	soccer	sport	soccer ball	サッカー	サッカーボール	スポーツ	ボール
⚾	ball	baseball	sport	スポーツ	ボール	野球
🥎	ball	glove	softball	sports	underarm	スポーツ	ソフトボール	ボール	下手投げ
🏀	ball	basketball	hoop	sport	スポーツ	バスケ	バスケットボール	ボール
🏐	ball	game	volleyball	スポーツ	バレー	バレーボール	ボール
🏈	american	ball	bowl	football	sport	super	american football	アメフト	アメリカンフットボール	スポーツ	フットボール	ボール
🏉	ball	football	rugby	sport	rugby football	スポーツ	ボール	ラグビー	ラグビーボール
🎾	ball	racquet	sport	tennis	スポーツ	テニス	テニスボール	ボール	ラケット
🥏	disc	flying	ultimate	flying disc	アルティメット	フライングディスク	フリスビー	円盤
🎳	ball	bowling	game	sport	strike	ストライク	スポーツ	ボール	ボウリング	球
🏏	ball	bat	cricket	game	cricket game	クリケット	スポーツ	バット	ボール
🏑	ball	field	game	hockey	stick	field hockey	スティック	スポーツ	フィールドホッケー	ボール	ホッケー
🏒	game	hockey	ice	puck	stick	ice hockey	アイスホッケー	スティック	スポーツ	パック	ホッケー
🥍	ball	goal	lacrosse	sports	stick	ゴール	スティック	スポーツ	ボール	ラクロス
🏓	ball	bat	game	paddle	ping	pingpong	pong	table	tennis	ping pong	スポーツ	ピンポン	ボール	ラケット	卓球
🏸	badminton	birdie	game	racquet	shuttlecock	シャトル	スポーツ	バドミントン	ラケット
🥊	boxing	glove	boxing glove	グローブ	スポーツ	ボクシング	ボクシンググローブ
🥋	arts	judo	karate	martial	taekwondo	uniform	martial arts uniform	スポーツ	テコンドー	柔道	格闘技	武道	空手	道着
🥅	goal	net	goal net	ゴール	ゴールネット	スポーツ	ネット
⛳	flag	golf	hole	sport	flag in hole	ゴルフ	スポーツ	フラグ	フラッグ	ホール	旗
⛸️	ice	skate	skating	ice skate	アイススケート	スケート	スポーツ	フィギュアスケート
🎣	entertainment	fish	fishing	pole	sport	fishing pole	スポーツ	フィッシング	釣り	釣り竿	魚
🤿	diving	mask	scuba	snorkeling	diving mask	シュノーケリング	スキューバ	スポーツ	ダイビング	マスク	ダイビング マスク
🎽	athletics	running	sash	shirt	running shirt	スポーツ	たすき	ランニング	ランニングシャツ	長距離走	駅伝
🎿	ski	skis	snow	sport	スキー	ストック	スポーツ	板	雪
🛷	luge	sled	sledge	sleigh	snow	toboggan	スケルトン	スポーツ	そり	そり競技	トボガン	ボブスレー	リュージュ
🥌	curling	game	rock	stone	curling stone	カーリング	ゲーム	ストーン	スポーツ	試合
🎯	bull	bullseye	dart	direct	entertainment	game	hit	target	スポーツ	ダーツ	ブルズアイ	当たり	的	的中
🪀	fluctuate	toy	yo-yo	おもちゃ	ヨーヨー	上下	回転	玩具
🪁	fly	kite	soar	おもちゃ	カイト	たこ	凧揚げ	玩具
🔫	gun	handgun	pistol	revolver	tool	water	weapon	water pistol	ピストル	リボルバー	拳銃	武器	水鉄砲	銃
🎱	8	8ball	ball	billiard	eight	game	pool	pool 8 ball	エイトボール	スポーツ	ビリヤード	ボール	玉突き
🔮	ball	crystal	fairy	fairytale	fantasy	fortune	future	magic	tale	tool	crystal ball	クリスタル	占い	水晶	水晶玉	水晶球	玉	運命	魔法
🪄	magic	magician	wand	witch	wizard	magic wand	つえ	マジック	手品	杖	魔法	魔法の杖	魔術	魔術師
🎮	controller	entertainment	game	video	video game	ゲーム	コントローラ	テレビゲーム	ビデオゲーム
🕹️	game	joystick	video	videogame	ゲーム	コントローラ	ジョイスティック	スティック	テレビゲーム	ビデオゲーム
🎰	casino	gamble	gambling	game	machine	slot	slots	slot machine	カジノ	ギャンブル	ゲーム	スリーセブン	スロット	スロットマシン
🎲	dice	die	entertainment	game	game die	ゲーム	サイコロ	ダイス
🧩	clue	interlocking	jigsaw	piece	puzzle	puzzle piece	ジグソーパズル	パズル	ピース	組み合わせ	鍵
🧸	bear	plaything	plush	stuffed	teddy	toy	teddy bear	おもちゃ	くま	テディベア	ぬいぐるみ	玩具
🪅	candy	celebrate	celebration	cinco	de	festive	mayo	party	pinada	pinata	piñata	お祝い	パーティー	ピニャータ	メキシコ	人形	誕生日
🪩	ball	dance	disco	glitter	mirror	party	mirror ball	キラキラ	ダンス	ディスコ	パーティー	ミラーボール
🪆	babooshka	baboushka	babushka	doll	dolls	matryoshka	nesting	russia	nesting dolls	マトリョーシカ	ロシア	人形	入れ子
♠️	card	game	spade	suit	spade suit	カード	スペード	トランプ
♥️	card	emotion	game	heart	hearts	suit	heart suit	カード	トランプ	ハート
♦️	card	diamond	game	suit	diamond suit	カード	ダイア	ダイヤ	トランプ
♣️	card	club	clubs	game	suit	club suit	カード	クラブ	クローバー	トランプ
♟️	chess	dupe	expendable	pawn	chess pawn	チェス	チェスの駒	捨て駒	駒
🃏	card	game	joker	wildcard	カード	ジジ	ジョーカー	トランプ	ババ
🀄	dragon	game	mahjong	red	mahjong red dragon	ゲーム	中	牌	麻雀	麻雀牌
🎴	card	cards	flower	game	Japanese	playing	flower playing cards	カード	ゲーム	花札
🎭	actor	actress	art	arts	entertainment	mask	performing	theater	theatre	thespian	performing arts	仮面	俳優	劇場	女優	役者	演劇	演芸	舞台芸術	芸術
🖼️	art	frame	framed	museum	painting	picture	framed picture	アート	絵	絵画	美術館	芸術	額
🎨	art	artist	artsy	arty	colorful	creative	entertainment	museum	painter	painting	palette	artist palette	パレット	画家	絵	絵の具パレット	絵画	美術館	芸術
🧵	needle	sewing	spool	string	thread	ソーイング	ひも	糸	糸巻き	縫い針	裁縫
🪡	embroidery	needle	sew	sewing	stitches	sutures	tailoring	thread	sewing needle	ステッチ	刺繍	糸	縫い針	縫う	裁縫	針
🧶	ball	crochet	knit	yarn	かぎ針	ニット	毛糸	毛糸玉	編み物
🪢	cord	knot	rope	tangled	tie	twine	twist	ねじれ	ノット	ひも	ロープ	結び目	綱
👓	clothing	eye	eyeglasses	eyewear	glasses	メガネ	眼鏡
🕶️	dark	eye	eyewear	glasses	sunglasses	サングラス	メガネ	眼鏡
🥽	dive	eye	goggles	protection	scuba	swimming	welding	ゴーグル	スキューバ	ダイビング	保護メガネ	水泳	溶接
🥼	clothes	coat	doctor	dr	experiment	jacket	lab	scientist	white	lab coat	上着	医者	実験	服	白衣	科学者
🦺	emergency	safety	vest	safety vest	チョッキ	ベスト	反射	安全	安全ベスト	工事	緊急
👔	clothing	employed	necktie	serious	shirt	tie	シャツ	ネクタイ	ワイシャツ	会社員	服
👕	blue	casual	clothes	clothing	collar	dressed	shirt	shopping	t-shirt	tshirt	weekend	Tシャツ	シャツ	服
👖	blue	casual	clothes	clothing	denim	dressed	jeans	pants	shopping	trousers	weekend	カジュアル	ジーンズ	ズボン	デニム	パンツ	ブルージーンズ	服
🧣	bundle	cold	neck	scarf	up	スカーフ	マフラー	厚着	寒い	襟巻き	首巻き
🧤	gloves	hand	手	手袋
🧥	brr	bundle	coat	cold	jacket	up	アウター	オーバー	コート	ジャケット	厚着	寒い	服
🧦	socks	stocking	ソックス	靴下
👗	clothes	clothing	dress	dressed	fancy	shopping	ドレス	ワンピース	服
👘	clothing	comfortable	kimono	和服	服	着物
🥻	clothing	dress	sari	サリー	ドレス	服	民族衣装
🩱	bathing	one-piece	suit	swimsuit	one-piece swimsuit	スイムウェア	ワンピースの水着	水着
🩲	bathing	briefs	one-piece	suit	swimsuit	underwear	スイムウェア	パンツ	ブリーフ	下着	水着
🩳	bathing	pants	shorts	suit	swimsuit	underwear	ショーツ	スイムウェア	パンツ	下着	水着
👙	bathing	beach	bikini	clothing	pool	suit	swim	ビーチ	ビキニ	プール	水着
👚	blouse	clothes	clothing	collar	dress	dressed	lady	shirt	shopping	woman	woman’s	woman’s clothes	シャツ	ブラウス	婦人服	服
🪭	clack	clap	cool	cooling	dance	fan	flirt	flutter	folding	hand	hot	shy	folding hand fan	あおぐ	パタパタ	団扇	夏	扇	扇子	涼む	風
👛	clothes	clothing	coin	dress	fancy	handbag	purse	shopping	がま口	小銭入れ	財布
👜	bag	clothes	clothing	dress	handbag	lady	purse	shopping	かばん	ショッピング	バッグ	ハンドバッグ
👝	bag	clothes	clothing	clutch	dress	handbag	pouch	purse	clutch bag	クラッチバッグ	バッグ	ハンドバッグ	ポーチ
🛍️	bag	bags	hotel	shopping	shopping bags	ショッピングバッグ	バッグ	紙手提げ	紙袋
🎒	backpack	backpacking	bag	bookbag	education	rucksack	satchel	school	バックパック	ランドセル	リュックサック	学校	小学校	小学生
🩴	beach	flip	flop	sandal	sandals	shoe	thong	thongs	zōri	thong sandal	ゴムぞうり	サンダル	トングサンダル	ビーサン	ビーチサンダル	靴
👞	brown	clothes	clothing	feet	foot	kick	man	man’s	shoe	shoes	shopping	man’s shoe	ローファー	紳士靴	革靴	靴
👟	athletic	clothes	clothing	fast	kick	running	shoe	shoes	shopping	sneaker	tennis	running shoe	ジョギングシューズ	スニーカー	テニスシューズ	靴
🥾	backpacking	boot	brown	camping	hiking	outdoors	shoe	hiking boot	アウトドア	キャンプ	ハイキング	ハイキングシューズ	ブーツ	登山靴	茶色い靴	靴
🥿	ballet	comfy	flat	flats	shoe	slip-on	slipper	flat shoe	スリッポン	バレエシューズ	フラットシューズ	ぺたんこ靴
👠	clothes	clothing	dress	fashion	heel	heels	high-heeled	shoe	shoes	shopping	stiletto	woman	high-heeled shoe	ハイヒール	ピンヒール	婦人靴	靴
👡	clothing	sandal	shoe	woman	woman’s	woman’s sandal	サンダル	婦人靴	靴
🩰	ballet	dance	shoes	ballet shoes	シューズ	ダンス	トウシューズ	バレエ	バレエシューズ	靴
👢	boot	clothes	clothing	dress	shoe	shoes	shopping	woman	woman’s	woman’s boot	ブーツ	ロングブーツ	婦人靴	靴
🪮	Afro	comb	groom	hair	pick	hair pick	アフロ	アフロコーム	くし	コーム	髪
👑	clothing	crown	family	king	medieval	queen	royal	royalty	win	クラウン	冠	王冠	王族
👒	clothes	clothing	garden	hat	hats	party	woman	woman’s	woman’s hat	婦人帽子	帽子	麦わら	麦わら帽子
🎩	clothes	clothing	fancy	formal	hat	magic	top	tophat	top hat	シルクハット	山高帽	帽子
🎓	cap	celebration	clothing	education	graduation	hat	scholar	graduation cap	卒業	学者	帽子	角帽
🧢	baseball	bent	billed	cap	dad	hat	billed cap	キャップ	帽子	野球帽
🪖	army	helmet	military	soldier	war	warrior	military helmet	ヘルメット	ミリタリー	兵士	戦闘	軍用ヘルメット	軍隊
⛑️	aid	cross	face	hat	helmet	rescue	worker’s	rescue worker’s helmet	ヘルメット	帽子	救助隊	救急	白十字	白十字ヘルメット
📿	beads	clothing	necklace	prayer	religion	prayer beads	ネックレス	ロザリオ	宗教	念珠	数珠	祈る
💄	cosmetics	date	lipstick	makeup	コスメ	メーク	リップ	リップスティック	化粧	化粧品	口紅
💍	diamond	engaged	engagement	married	ring	romance	shiny	sparkling	wedding	ジュエリー	ダイア	ダイヤ	ダイヤモンド	リング	婚約指輪	指輪
💎	diamond	engagement	gem	jewel	money	romance	stone	wedding	gem stone	ジュエリー	ダイア	ダイヤ	ダイヤモンド	宝石
🔇	mute	muted	quiet	silent	sound	speaker	muted speaker	スピーカー	スピーカー消音	ミュート	消音	無音	音無し
🔈	low	soft	sound	speaker	volume	speaker low volume	スピーカー	ボリューム	音量
🔉	medium	sound	speaker	volume	speaker medium volume	スピーカー	スピーカー音量小	ボリューム	音量	音量小
🔊	high	loud	music	sound	speaker	volume	speaker high volume	スピーカー	スピーカー音量大	ボリューム	大音量	音量	音量大
📢	address	communication	loud	loudspeaker	public	sound	スピーカー	メガホン	拡声器	放送
📣	cheering	megaphone	sound	スピーカー	メガホン	応援	拡声器
📯	horn	post	postal	postal horn	ラッパ	郵便	郵便ラッパ
🔔	bell	break	church	sound	ベル	教会	鈴	鐘
🔕	bell	forbidden	mute	no	not	prohibited	quiet	silent	slash	sound	bell with slash	ベル消音	ミュート	消音	鈴	鐘	音無し
🎼	music	musical	note	score	musical score	スコア	ト音記号	五線譜	楽譜	音楽
🎵	music	musical	note	sound	musical note	8分音符	連符	音楽	音符
🎶	music	musical	note	notes	sound	musical notes	8分音符	複数の音符	音楽	音符
🎙️	mic	microphone	music	studio	studio microphone	スタジオマイク	マイク	音楽
🎚️	level	music	slider	level slider	スライダー	レベル	レベルスライダー	音楽
🎛️	control	knobs	music	control knobs	コントロール	コントロールつまみ	つまみ	ノブ	調整	音楽
🎤	karaoke	mic	microphone	music	sing	sound	カラオケ	マイク	歌	音楽
🎧	earbud	headphone	sound	イヤホン	ヘッドフォン	ヘッドホン	音楽
📻	entertainment	radio	tbt	video	ラジオ	受信機	放送	音楽
🎷	instrument	music	sax	saxophone	サキソフォン	サクソフォン	サックス	楽器	音楽
🎺	instrument	music	trumpet	トランペット	ラッパ	楽器	音楽
🪊	brass	instrument	jazz	music	sad	slide	trombone	ジャズ	スライド	吹奏楽	楽器	管楽器	音楽	トロンボーン
🪗	accordion	box	concertina	instrument	music	squeeze	squeezebox	アコーディオン	じゃばら	楽器	音楽
🎸	guitar	instrument	music	strat	エレキギター	ギター	楽器	音楽
🎹	instrument	keyboard	music	musical	piano	musical keyboard	キーボード	ピアノ	楽器	鍵盤	音楽
🎻	instrument	music	violin	ヴィオラ	ストラディバリウス	バイオリン	楽器	音楽
🪕	banjo	music	stringed	バンジョー	弦楽器	楽器	音楽
🥁	drum	drumsticks	music	ドラム	ドラムスティック	太鼓	楽器	音楽
🪘	beat	conga	drum	instrument	long	rhythm	long drum	コンガ	ドラム	ビート	リズム	太鼓	楽器	音楽
🪇	cha	dance	instrument	maracas	music	party	percussion	rattle	shake	shaker	シェイカー	ダンス	パーティー	マラカス	ラトル	リズム	打楽器	振る	楽器	音楽
🪈	band	fife	flautist	flute	instrument	marching	music	orchestra	piccolo	pipe	recorder	woodwind	オーケストラ	バンド	ピッコロ	フルート	フルート奏者	リコーダー	楽器	横笛	管楽器	音楽	笛
🪉	cupid	harp	instrument	love	music	orchestra	オーケストラ	キューピッド	ハープ	弦楽器	愛	楽器	音楽
📱	cell	communication	mobile	phone	telephone	mobile phone	スマートフォン	スマホ	モバイル	携帯	携帯電話
📲	arrow	build	call	cell	communication	mobile	phone	receive	telephone	mobile phone with arrow	スマートフォン	スマホ	モバイル	受信	携帯受信	携帯電話	着信中	電話
☎️	phone	telephone	ボタン式電話	固定電話	親機	電話	黒電話
📞	communication	phone	receiver	telephone	voip	telephone receiver	受話器	子機	電話
📟	communication	pager	ページャー	ポケットベル	ポケベル
📠	communication	fax	machine	fax machine	FAX	ファックス	複合機	電話
🔋	battery	バッテリー	乾電池	電池
🪫	battery	drained	electronic	energy	low	power	low battery	バッテリー	バッテリー残量低下	充電不足	電池切れ寸前	電池残量低下
🔌	electric	electricity	plug	electric plug	コンセント	プラグ	電気	電源
💻	computer	laptop	office	pc	personal	PC	コンピューター	ノートパソコン	パソコン	ラップトップ
🖥️	computer	desktop	monitor	desktop computer	PC	コンピューター	デスクトップ	デスクトップパソコン	パソコン	モニター
🖨️	computer	printer	コピー機	コンピューター	プリンタ	プリンター	印刷機	複合機
⌨️	computer	keyboard	PC	キーボード	コンピューター	パソコン
🖱️	computer	mouse	computer mouse	PC	コンピューター	パソコン	マウス
🖲️	computer	trackball	PC	コンピューター	トラックボール	パソコン
💽	computer	disk	minidisk	optical	computer disk	MD	MO	コンピューター	ミニディスク
💾	computer	disk	floppy	floppy disk	FD	コンピューター	ディスク	フロッピー	フロッピーディスク
💿	blu-ray	CD	computer	disk	dvd	optical	optical disk	Blu-ray	DVD	コンピューター	ディスク	ブルーレイ	光ディスク
📀	Blu-ray	cd	computer	disk	DVD	optical	dvd	CD	ディスク	ブルーレイ
🧮	abacus	calculation	calculator	アバカス	そろばん	算盤	計算
🎥	bollywood	camera	cinema	film	hollywood	movie	record	movie camera	カメラ	シネマ	ハリウッド	フィルム	ムービー	撮影	映画	映画カメラ
🎞️	cinema	film	frames	movie	film frames	シネマ	フィルム	フレーム	ムービー	映画	映画フィルム
📽️	cinema	film	movie	projector	video	film projector	ビデオ	フィルム	プロジェクター	ムービー	映写機	映画
🎬	action	board	clapper	movie	clapper board	カチンコ	映画
📺	television	tv	video	TV	テレビ	ビデオ
📷	camera	photo	selfie	snap	tbt	trip	video	カメラ	写真
📸	camera	flash	video	camera with flash	カメラ	カメラフラッシュ	フラッシュ	フラッシュを焚いているカメラ	写真
📹	camcorder	camera	tbt	video	video camera	カメラ	ビデオ	ビデオカメラ	ムービー	動画	録画
📼	old	school	tape	vcr	vhs	video	videocassette	VHS	テープ	ビデオ	ビデオカセット	ビデオテープ	動画
🔍	glass	lab	left	left-pointing	magnifying	science	search	tilted	tool	magnifying glass tilted left	ルーペ	拡大鏡	検索	科学	虫めがね	虫眼鏡左
🔎	contact	glass	lab	magnifying	right	right-pointing	science	search	tilted	tool	magnifying glass tilted right	ルーペ	拡大鏡	検索	科学	虫めがね	虫眼鏡右
🕯️	candle	light	キャンドル	ろうそく	ロウソク	明かり
💡	bulb	comic	electric	idea	light	light bulb	ぴこーん	ひらめき	マンガ	明かり	電球
🔦	electric	flashlight	light	tool	torch	ライト	懐中電灯	明かり
🏮	bar	lantern	light	paper	red	restaurant	red paper lantern	ちょうちん	居酒屋	赤ちょうちん	飲み屋
🪔	diya	lamp	light	oil	diya lamp	オイル	ディヤランプ	ランプ	明かり
📔	book	cover	decorated	decorative	education	notebook	school	writing	notebook with decorative cover	ノート	学校	文具	文房具	本	表紙付きノート
📕	book	closed	education	closed book	書籍	本	赤い本	閉じた本
📖	book	education	fantasy	knowledge	library	novels	open	reading	open book	図書館	小説	書籍	本	知識	読書	開いた本
📗	book	education	fantasy	green	library	reading	green book	図書館	書籍	本	緑の本	読書
📘	blue	book	education	fantasy	library	reading	blue book	図書館	書籍	本	読書	青い本	青の本
📙	book	education	fantasy	library	orange	reading	orange book	オレンジの本	図書館	書籍	本	読書
📚	book	books	education	fantasy	knowledge	library	novels	reading	school	study	勉強	学校	小説	書籍	本	本の山	読書
📓	notebook	ノート	手帳	文具	文房具
📒	ledger	notebook	ノート	リングノート	台帳	文具	文房具
📃	curl	document	page	paper	page with curl	カール	ドキュメント	巻きページ	文書	書類
📜	paper	scroll	巻き物	文書	書類	紙
📄	document	facing	page	paper	up	page facing up	ドキュメント	ページ	文書	書類
📰	communication	news	newspaper	paper	ニュース	新聞	新聞紙
🗞️	news	newspaper	paper	rolled	rolled-up	rolled-up newspaper	ニュース	丸めた新聞	新聞	新聞紙
📑	bookmark	mark	marker	tabs	bookmark tabs	ふせん	ページに付箋	付箋	文具	文房具
🔖	bookmark	mark	しおり	タグ	ブックマーク	付箋
🏷️	label	tag	タグ	ラベル	荷札
🪙	coin	dollar	euro	gold	metal	money	rich	silver	treasure	お金	コイン	小銭	硬貨	金貨	銀貨
💰	bag	bank	bet	billion	cash	cost	dollar	gold	million	money	moneybag	paid	paying	pot	rich	win	money bag	お金	キャッシュ	ドル	ドル袋	現金	賞金	賭け金	金持ち	金袋	銀行
🪎	gem	gold	jewels	loot	money	prize	silver	valuables	wealth	treasure chest	お宝	お金	ジュエリー	宝石	富	財宝	貴金属	金貨	宝箱
💴	bank	banknote	bill	currency	money	note	yen	yen banknote	お札	お金	円	円札	札束	紙幣	通貨
💵	bank	banknote	bill	currency	dollar	money	note	dollar banknote	お札	お金	ドル	ドル札	札束	紙幣	通貨
💶	100	bank	banknote	bill	currency	euro	money	note	rich	euro banknote	お札	お金	ユーロ	ユーロ札	札束	紙幣	通貨
💷	bank	banknote	bill	billion	cash	currency	money	note	pound	pounds	pound banknote	お札	お金	ポンド	ポンド札	札束	現金	紙幣	通貨
💸	bank	banknote	bill	billion	cash	dollar	fly	million	money	note	pay	wings	money with wings	お札	お金	ドル	支払い	札束	紙幣	羽が生えたお金
💳	bank	card	cash	charge	credit	money	pay	credit card	お金	カード	キャッシュカード	クレジットカード	支払い	銀行
🧾	accounting	bookkeeping	evidence	invoice	proof	receipt	レシート	会計	簿記	請求書	領収書
💹	bank	chart	currency	graph	growth	increasing	market	money	rise	trend	upward	yen	chart increasing with yen	グラフ	チャート	円	円高	市場	株	株価	為替
✉️	e-mail	email	envelope	letter	Eメール	メール	封筒	手紙	郵便	電子メール
📧	e-mail	email	letter	mail	Eメール	メール	封筒	手紙	郵便	電子メール
📨	delivering	e-mail	email	envelope	incoming	letter	mail	receive	sent	incoming envelope	Eメール	メール受信中	受信中	受信箱	封筒	手紙	電子メール
📩	arrow	communication	down	e-mail	email	envelope	letter	mail	outgoing	send	sent	envelope with arrow	Eメール	メール受信	メール送信	受信	封筒と矢印	送信	電子メール
📤	box	email	letter	mail	outbox	sent	tray	outbox tray	Eメール	トレイ	箱	送信	送信トレイ	送信箱	電子メール
📥	box	email	inbox	letter	mail	receive	tray	zero	inbox tray	Eメール	トレイ	受信	受信トレイ	受信なし	受信箱	箱	電子メール
📦	box	communication	delivery	package	parcel	shipping	宅急便	宅配便	小包	段ボール	箱	荷物	配送	配達
📫	closed	communication	flag	mail	mailbox	postbox	raised	closed mailbox with raised flag	ポスト	手紙あり	郵便受け	郵便箱	閉じた	閉じた郵便受け（手紙あり）
📪	closed	flag	lowered	mail	mailbox	postbox	closed mailbox with lowered flag	ポスト	手紙なし	郵便受け	郵便箱	閉じた	閉じた郵便受け（手紙なし）
📬	flag	mail	mailbox	open	postbox	raised	open mailbox with raised flag	ポスト	手紙あり	郵便受け	郵便箱	開いた	開いた郵便受け（手紙あり）
📭	flag	lowered	mail	mailbox	open	postbox	open mailbox with lowered flag	ポスト	手紙なし	郵便受け	郵便箱	開いた	開いた郵便受け（手紙なし）
📮	mail	mailbox	postbox	ポスト	手紙	郵便	郵便ポスト	郵便箱
🗳️	ballot	box	ballot box with ballot	投票	投票箱	選挙
✏️	pencil	文具	文房具	鉛筆
✒️	black	nib	pen	black nib	ペン先	万年筆	文具	文房具
🖋️	fountain	pen	fountain pen	ペン	万年筆	文具	文房具
🖊️	ballpoint	pen	ペン	ボールペン	文具	文房具
🖌️	paintbrush	painting	文具	文房具	絵の具	絵筆
🖍️	crayon	クレヨン	文具	文房具
📝	communication	media	memo	notes	pencil	メモ	文具	文房具	紙と鉛筆	鉛筆	鉛筆とメモ
💼	briefcase	office	かばん	ブリーフケース	鞄
📁	file	folder	file folder	ファイル	フォルダー	文具	文房具
📂	file	folder	open	open file folder	ファイル	フォルダー	文具	文房具	開いたフォルダー	開く
🗂️	card	dividers	index	card index dividers	インデックス	カードフォルダー	フォルダー	文具	文房具
📅	calendar	date	カレンダー	スケジュール	予定	日付
📆	calendar	tear-off	tear-off calendar	カレンダー	スケジュール	予定	日めくりカレンダー	日付
🗒️	note	notepad	pad	spiral	spiral notepad	ノート	メモ帳	リングメモ	文具	文房具
🗓️	calendar	pad	spiral	spiral calendar	カレンダー	スケジュール	予定	日付	月めくりカレンダー
📇	card	index	old	rolodex	school	card index	カードインデックス	名刺ホルダー	文具	文房具
📈	chart	data	graph	growth	increasing	right	trend	up	upward	chart increasing	グラフ	グラフ上向き	チャート	データ	上向き	上昇	右肩上がり	成長	折れ線グラフ
📉	chart	data	decreasing	down	downward	graph	negative	trend	chart decreasing	グラフ下向き	チャート	データ	下向き	下降	右肩下がり	折れ線グラフ
📊	bar	chart	data	graph	bar chart	グラフ	チャート	データ	棒グラフ
📋	clipboard	do	list	notes	クリップ	クリップボード	メモ	文具	文房具
📌	collage	pin	pushpin	押しピン	文具	文房具	画鋲
📍	location	map	pin	pushpin	round	round pushpin	ピン	プッシュピン	丸い押しピン	地図	押しピン	文具	文房具	画びょう
📎	paperclip	クリップ	ゼムクリップ	ペーパークリップ	文具	文房具	紙クリップ
🖇️	link	linked	paperclip	paperclips	linked paperclips	クリップ	つながったクリップ	ペーパークリップ	文具	文房具	紙クリップ
📏	angle	edge	math	ruler	straight	straightedge	straight ruler	ものさし	定規	文具	文房具	直定規
📐	angle	math	rule	ruler	set	slide	triangle	triangular	triangular ruler	三角定規	定規	文具	文房具
✂️	cut	cutting	paper	scissors	tool	カット	はさみ	ハサミ	切る	文具	文房具
🗃️	box	card	file	card file box	カード	カードファイルボックス	ファイル	ボックス	文具	文房具	箱
🗄️	cabinet	file	filing	paper	file cabinet	キャビネット	ファイル	ファイルキャビネット	引き出し
🗑️	can	garbage	trash	waste	wastebasket	くずかご	ごみかご	ごみ箱	ゴミ箱
🔒	closed	lock	locked	private	ロック	南京錠	施錠	錠	鍵	閉じた錠
🔓	cracked	lock	open	unlock	unlocked	ロック	南京錠	解錠	錠	鍵	開いた錠
🔏	ink	lock	locked	nib	pen	privacy	locked with pen	プライバシー	ロック	南京錠	鍵	閉じた錠とペン
🔐	bike	closed	key	lock	locked	secure	locked with key	キー	セキュリティ	ロック	南京錠	安全	錠	鍵	閉じた錠と鍵
🔑	key	keys	lock	major	password	unlock	キー	パスワード	鍵	開錠
🗝️	clue	key	lock	old	old key	キー	パスワード	古い鍵	手がかり	鍵
🔨	hammer	home	improvement	repairs	tool	かなづち	とんかち	ハンマー	工具
🪓	ax	axe	chop	hatchet	split	wood	おの	ハチェット	工具	斧	木	薪割り
⛏️	hammer	mining	pick	tool	つるはし	工具	採掘
⚒️	hammer	pick	tool	hammer and pick	かなづち	つるはし	とんかち	ハンマー	ハンマーとつるはし	工具
🛠️	hammer	spanner	tool	wrench	hammer and wrench	かなづち	スパナ	とんかち	ハンマーとレンチ	レンチ	工具
🗡️	dagger	knife	weapon	ダガー	ナイフ	武器	短刀	短剣
⚔️	crossed	swords	weapon	crossed swords	クロスした剣	つるぎ	刀	剣	武器
💣	bomb	boom	comic	dangerous	explosion	hot	危険	爆弾	爆発
🪃	boomerang	rebound	repercussion	weapon	オーストラリア	ブーメラン	武器	玩具	跳ね返り	返って来る
🏹	archer	archery	arrow	bow	Sagittarius	tool	weapon	zodiac	bow and arrow	射手	射手座	弓	弓矢	星座	武器	矢
🛡️	shield	weapon	シールド	盾	防具
🪚	carpenter	carpentry	cut	lumber	saw	tool	trim	carpentry saw	ノコ	のこぎり	刃	切る	大工	工具	木工
🔧	home	improvement	spanner	tool	wrench	スパナ	レンチ	工具
🪛	flathead	handy	screw	screwdriver	tool	スクリュードライバー	ドライバー	ねじ回し	マイナスドライバー	工具
🔩	bolt	home	improvement	nut	tool	nut and bolt	ナット	ボルト	ボルトとナット	工具
⚙️	cog	cogwheel	gear	tool	ギア	工具	歯車
🗜️	clamp	compress	tool	vice	クランプ	バイス	万力	工具
⚖️	balance	justice	Libra	scale	scales	tool	weight	zodiac	balance scale	はかり	バランス	化学	天秤	天秤座	実験	星座
🦯	accessibility	blind	cane	probing	white	white cane	アクセシビリティ	つえ	白杖	視覚	障がい
🔗	link	links	リンク	リンクシンボル	環
⛓️‍💥	break	breaking	broken	chain	cuffs	freedom	broken chain	くさり	チェーン	壊れた	壊れた鎖
⛓️	chain	chains	くさり	チェーン	鎖
🪝	catch	crook	curve	ensnare	hook	point	selling	フック	引っかけ	引っ掛け	掛け金	留め金	鉤
🧰	box	chest	mechanic	red	tool	toolbox	ツールボックス	メカニック	工具箱	整備士	機械工	箱	赤い箱
🧲	attraction	horseshoe	magnet	magnetic	negative	positive	shape	u	U字型磁石	マグネット	引き付ける	正負	磁石	蹄鉄
🪜	climb	ladder	rung	step	ステッパー	はしご	梯子	登る	高所作業
🪏	bury	dig	garden	hole	plant	scoop	shovel	snow	spade	シャベル	ショベル	スコップ	掘る	穴	鋤
⚗️	alembic	chemistry	tool	化学	実験	蒸留器
🧪	chemist	chemistry	experiment	lab	science	test	tube	test tube	ラボ	化学	化学者	実験	科学	試験管
🧫	bacteria	biologist	biology	culture	dish	lab	petri	petri dish	バクテリア	ペトリ皿	培養	実験	生物学	生物学者
🧬	biologist	dna	evolution	gene	genetics	life	DNA	生命	生物学	生物学者	進化	遺伝子
🔬	experiment	lab	microscope	science	tool	サイエンス	実験	研究	科学	顕微鏡
🔭	contact	extraterrestrial	science	telescope	tool	サイエンス	天体観測	望遠鏡	科学	観測
📡	aliens	antenna	contact	dish	satellite	science	satellite antenna	アンテナ	パラボラ	パラボラアンテナ	科学	衛星アンテナ	電波
💉	doctor	flu	medicine	needle	shot	sick	syringe	tool	vaccination	予防接種	医療器具	医者	注射	注射器	病気	薬	針
🩸	bleed	blood	donation	drop	injury	medicine	menstruation	drop of blood	けが	出血	医療	医者	献血	生理	血液
💊	doctor	drugs	medicated	medicine	pill	pills	sick	vitamin	カプセル	ビタミン剤	医者	病気	薬
🩹	adhesive	bandage	adhesive bandage	けが	ばんそうこう	傷	手当て	絆創膏	薬
🩼	aid	cane	crutch	disability	help	hurt	injured	mobility	stick	ステッキ	怪我	杖	松葉杖	歩行補助	障がい
🩺	doctor	heart	medicine	stethoscope	医療	医者	心臓	病気	聴診器
🩻	bones	doctor	medical	skeleton	skull	x-ray	xray	X線	レントゲン	医者	骨	骨格
🚪	back	closet	door	front	ドア	戸	扉	玄関
🛗	accessibility	elevator	hoist	lift	アクセシビリティ	エレベーター	バリアフリー	リフト	昇降機
🪞	makeup	mirror	reflection	reflector	speculum	ミラー	メーク	反射	姿見	身だしなみ	鏡
🪟	air	frame	fresh	opening	transparent	view	window	ウィンドウ	フレーム	換気	眺め	窓	開ける
🛏️	bed	hotel	sleep	ベッド	ホテル	寝る	睡眠
🛋️	couch	hotel	lamp	couch and lamp	ソファ	ソファとランプ	ホテル	ランプ	長椅子
🪑	chair	seat	sit	シート	チェア	家具	椅子	腰掛け
🚽	bathroom	toilet	お手洗い	トイレ	便器	便座
🪠	cup	force	plumber	plunger	poop	suction	toilet	すっぽん	トイレ	プランジャー	ラバーカップ	吸引カップ	通水カップ
🚿	shower	water	シャワー	風呂
🛁	bath	bathtub	バスタブ	泡風呂	浴槽	風呂
🪤	bait	cheese	lure	mouse	mousetrap	snare	trap	mouse trap	おびき寄せる	チーズ	ねずみ捕り	ばね	マウストラップ	わな	仕掛け
🪒	razor	sharp	shave	かみそり	ひげそり	レーザー	レザー	刃	刃物	剃刀	鋭い
🧴	bottle	lotion	moisturizer	shampoo	sunscreen	lotion bottle	シャンプー	ローション	ローションボトル	化粧水	日焼け止め
🧷	diaper	pin	punk	rock	safety	safety pin	安全ピン	止めピン
🧹	broom	cleaning	sweeping	witch	ほうき	掃く	掃除	魔女
🧺	basket	farming	laundry	picnic	かご	ピクニック	収穫	洗濯
🧻	paper	roll	toilet	towels	roll of paper	キッチンペーパー	トイレットペーパー	ペーパータオル	ロールペーパー
🪣	bucket	cask	pail	vat	おけ	ばけつ	バケツ	ポリバケツ	容器
🧼	bar	bathing	clean	cleaning	lather	soap	soapdish	ソープ	泡	清潔	石けん	風呂
🫧	bubble	bubbles	burp	clean	floating	pearl	soap	underwater	あぶく	シャボン玉	バブル	水中	泡	石けん
🪥	bathroom	brush	clean	dental	hygiene	teeth	toiletry	toothbrush	お手入れ	ブラシ	歯ブラシ	歯磨き	洗面所	虫歯	衛生
🧽	absorbing	cleaning	porous	soak	sponge	スポンジ	吸収	掃除	海綿
🧯	extinguish	extinguisher	fire	quench	fire extinguisher	消火	消火器	消火器具	消防	火事
🛒	cart	shopping	trolley	shopping cart	カート	ショッピング	ショッピングカート	スーパー	買い物
🚬	cigarette	smoking	たばこ	タバコ	喫煙	煙草
⚰️	coffin	dead	death	vampire	吸血鬼	埋葬	棺	棺桶	死	死者
🪦	cemetery	dead	grave	graveyard	headstone	memorial	rip	tomb	tombstone	お墓	埋葬	墓地	墓場	墓石	石碑	追悼
⚱️	ashes	death	funeral	urn	funeral urn	埋葬	死	葬儀	遺灰	骨壺
🧿	amulet	bead	blue	charm	evil-eye	nazar	talisman	nazar amulet	お守り	ナザール	ナザール・ボンジュウ	ビーズ	邪視	青	魔除け
🪬	amulet	Fatima	fortune	guide	hamsa	hand	Mary	Miriam	palm	protect	protection	お守り	ハムサ	ファーティマ	ミリアム	手	目	護符
🗿	face	moai	moyai	statue	stoneface	travel	モアイ	モヤイ	像	石像	顔
🪧	card	demonstration	notice	picket	placard	plaque	protest	sign	デモ	プラカード	主張	抗議	異議	看板
🪪	card	credentials	document	ID	identification	license	security	identification card	セキュリティ	免許証	身分証	身分証明書	運転免許証
🏧	ATM	automated	bank	cash	money	sign	teller	ATM sign	現金自動預け払い機	銀行
🚮	bin	litter	litterbin	sign	litter in bin sign	くずかご	ゴミ捨て	ごみ箱	ゴミ箱
🚰	drinking	potable	water	potable water	水	水道	飲み水	飲料水
♿	access	handicap	symbol	wheelchair	wheelchair symbol	バリアフリー	バリヤフリー	車椅子
🚹	bathroom	lavatory	man	men’s	restroom	room	toilet	WC	men’s room	お手洗い	トイレ	化粧室	男子トイレ	男性
🚺	bathroom	lavatory	restroom	room	toilet	WC	woman	women’s	women’s room	お手洗い	トイレ	化粧室	女子トイレ	女性
🚻	bathroom	lavatory	restroom	toilet	WC	お手洗い	トイレ	化粧室
🚼	baby	changing	symbol	baby symbol	ベビー	ベビーシート	赤ちゃん	赤ん坊	ベビーマーク
🚾	bathroom	closet	lavatory	restroom	toilet	water	WC	water closet	お手洗い	トイレ	化粧室
🛂	control	passport	passport control	パスポートコントロール	入出国	出入国	出入国審査
🛃	customs	packing	税関	通関
🛄	arrived	baggage	bags	case	checked	claim	journey	packing	plane	ready	travel	trip	baggage claim	スーツケース	バゲッジクレーム	手荷物	手荷物受取	預け入れ荷物
🛅	baggage	case	left	locker	luggage	left luggage	コインロッカー	スーツケース	ロッカー	手荷物	手荷物預かり
⚠️	caution	warning	標識	注意	警告
🚸	child	children	crossing	pedestrian	traffic	children crossing	児童横断	子供	学校、幼稚園、保育所等あり	標識	通学路
⛔	do	entry	fail	forbidden	no	not	pass	prohibited	traffic	no entry	標識	禁止	規制	車両進入禁止	進入禁止	道路
🚫	entry	forbidden	no	not	prohibited	smoke	標識	禁止	規制	車両通行止め	通行止め	道路
🚳	bicycle	bicycles	bike	forbidden	no	not	prohibited	no bicycles	標識	禁止	自転車	自転車禁止	規制	道路
🚭	forbidden	no	not	prohibited	smoke	smoking	no smoking	タバコ	煙草	禁止	禁煙
🚯	forbidden	litter	littering	no	not	prohibited	no littering	ごみ	ゴミ	ゴミ捨て禁止	ポイ捨て禁止	禁止
🚱	dry	non-drinking	non-potable	prohibited	water	non-potable water	禁止	飲めない水	飲用不可	飲用禁止
🚷	forbidden	no	not	pedestrian	pedestrians	prohibited	no pedestrians	標識	歩行者立入禁止	禁止	規制	道路
📵	cell	forbidden	mobile	no	not	phone	phones	prohibited	telephone	no mobile phones	スマートフォン禁止	スマホ禁止	携帯禁止	携帯電話禁止
🔞	18	age	eighteen	forbidden	no	not	one	prohibited	restriction	underage	no one under eighteen	18歳未満禁止	18禁	年齢制限	未成年	禁止
☢️	radioactive	sign	危険	放射性	放射線	放射能
☣️	biohazard	sign	バイオハザード	危険	有害物質
⬆️	arrow	cardinal	direction	north	up	up arrow	上	上矢印	北	矢印
↗️	arrow	direction	intercardinal	northeast	up-right	up-right arrow	北東	右上	右上矢印	矢印
➡️	arrow	cardinal	direction	east	right	right arrow	右	右矢印	東	矢印
↘️	arrow	direction	down-right	intercardinal	southeast	down-right arrow	南東	右下	右下矢印	矢印
⬇️	arrow	cardinal	direction	down	south	down arrow	下	下矢印	南	矢印
↙️	arrow	direction	down-left	intercardinal	southwest	down-left arrow	南西	左下	左下矢印	矢印
⬅️	arrow	cardinal	direction	left	west	left arrow	左	左矢印	矢印	西
↖️	arrow	direction	intercardinal	northwest	up-left	up-left arrow	北西	左上	左上矢印	矢印
↕️	arrow	up-down	up-down arrow	上下	上下矢印	矢印
↔️	arrow	left-right	left-right arrow	左右	左右矢印	矢印
↩️	arrow	curving	left	right	right arrow curving left	カーブ	右カーブ矢印	左	曲線	矢印
↪️	arrow	curving	left	right	left arrow curving right	カーブ	右	左カーブ矢印	曲線	矢印
⤴️	arrow	curving	right	up	right arrow curving up	カーブ	上	上カーブ矢印	曲線	矢印
⤵️	arrow	curving	down	right	right arrow curving down	カーブ	下	下カーブ矢印	曲線	矢印
🔃	arrow	arrows	clockwise	refresh	reload	vertical	clockwise vertical arrows	リロード	再読み込み	右回り	右回り縦矢印	時計回り	矢印
🔄	again	anticlockwise	arrow	arrows	button	counterclockwise	deja	refresh	rewindershins	vu	counterclockwise arrows button	リピート	反時計回り	左回り矢印	更新	矢印	繰り返し	逆回り
🔙	arrow	BACK	BACK arrow	BACK矢印	バック	戻る	矢印
🔚	arrow	END	END arrow	END矢印	エンド	矢印	終わり
🔛	arrow	mark	ON!	ON! arrow	ON	ON矢印	オン	矢印
🔜	arrow	brb	omw	SOON	SOON arrow	SOON矢印	すぐ	矢印
🔝	arrow	homie	TOP	up	TOP arrow	TOP矢印	トップ	上	矢印
🛐	place	pray	religion	worship	place of worship	宗教	礼拝	礼拝所	祈り
⚛️	atheist	atom	symbol	atom symbol	元素	分子	原子	原子のシンボル	無神論
🕉️	Hindu	om	religion	オーム	ヒンズー教	ヒンドゥー教	宗教
✡️	David	Jew	Jewish	judaism	religion	star	star of David	ダビデの星	ユダヤ教	六芒星	宗教	星
☸️	Buddhist	dharma	religion	wheel	wheel of dharma	仏教	宗教	法輪	転法輪
☯️	difficult	lives	religion	tao	taoist	total	yang	yin	yinyang	yin yang	インヤン	宗教	道教	陰陽
✝️	christ	Christian	cross	latin	religion	latin cross	キリスト教	クロス	ラテン十字	十字架	宗教
☦️	Christian	cross	orthodox	religion	orthodox cross	キリスト教	八端十字架	十字架	宗教
☪️	crescent	islam	Muslim	ramadan	religion	star	star and crescent	イスラム教	ムスリム	三日月	宗教	星	星と三日月
☮️	healing	peace	peaceful	symbol	peace symbol	ピースマーク	平和	平和のシンボル
🕎	candelabrum	candlestick	hanukkah	jewish	judaism	menorah	religion	ハヌカー	メノーラー	メノラー	ユダヤ教	宗教	燭台
🔯	dotted	fortune	jewish	judaism	six-pointed	star	dotted six-pointed star	ダビデ	ユダヤ教	六芒星	六角星	占い	星
🪯	Deg	Fateh	Khalsa	Khanda	religion	Sikh	Sikhism	Tegh	khanda	カルサ	カンダ	シーク教	シーク教徒	シク教	信仰	剣	宗教
♈	Aries	horoscope	ram	zodiac	おひつじ座	星座	牡羊座
♉	bull	horoscope	ox	Taurus	zodiac	おうし座	星座	牡牛座
♊	Gemini	horoscope	twins	zodiac	ふたご座	双子座	星座
♋	Cancer	crab	horoscope	zodiac	かに座	星座	蟹座
♌	horoscope	Leo	lion	zodiac	しし座	星座	獅子座
♍	horoscope	Virgo	zodiac	おとめ座	乙女座	星座
♎	balance	horoscope	justice	Libra	scales	zodiac	てんびん座	天秤座	星座
♏	horoscope	Scorpio	scorpion	Scorpius	zodiac	さそり座	星座	蠍座
♐	archer	horoscope	Sagittarius	zodiac	いて座	射手座	星座
♑	Capricorn	goat	horoscope	zodiac	やぎ座	山羊座	星座
♒	Aquarius	bearer	horoscope	water	zodiac	みずがめ座	星座	水瓶座
♓	fish	horoscope	Pisces	zodiac	うお座	星座	魚座
⛎	bearer	Ophiuchus	serpent	snake	zodiac	へびつかい座	星座	蛇遣座
🔀	arrow	button	crossed	shuffle	tracks	shuffle tracks button	シャッフル	シャッフルボタン	ボタン	交差	矢印
🔁	arrow	button	clockwise	repeat	repeat button	ボタン	リピート	リピートボタン	全曲	時計回り	矢印	繰り返し
🔂	arrow	button	clockwise	once	repeat	single	repeat single button	1曲リピートボタン	ボタン	リピート	時計回り	矢印	繰り返し
▶️	arrow	button	play	right	triangle	play button	プレイ	ボタン	再生	再生ボタン	矢印
⏩	arrow	button	double	fast	fast-forward	forward	fast-forward button	ボタン	倍速	早送り	早送りボタン	矢印
⏭️	arrow	button	next	scene	track	triangle	next track button	ボタン	次のシーン	次のトラック	次の曲ボタン	矢印
⏯️	arrow	button	pause	play	right	triangle	play or pause button	ボタン	一時停止	再生	再生／一時停止ボタン	矢印
◀️	arrow	button	left	reverse	triangle	reverse button	ボタン	巻き戻し	矢印	逆再生	逆再生ボタン
⏪	arrow	button	double	fast	reverse	rewind	fast reverse button	倍速	巻き戻し	戻る	早戻し	早戻しボタン	矢印
⏮️	arrow	button	last	previous	scene	track	triangle	last track button	ボタン	前のシーン	前のトラック	前の曲ボタン	矢印
🔼	arrow	button	red	up	upwards	upwards button	ボタン	上	上ボタン	矢印
⏫	arrow	button	double	fast	up	fast up button	ボタン	上	二重	矢印	高速上ボタン
🔽	arrow	button	down	downwards	red	downwards button	ボタン	下	下ボタン	矢印
⏬	arrow	button	double	down	fast	fast down button	ボタン	下	二重	矢印	高速下ボタン
⏸️	bar	button	double	pause	vertical	pause button	ポーズ	ボタン	一時停止	一時停止ボタン
⏹️	button	square	stop	stop button	ストップ	ボタン	停止	停止ボタン	四角
⏺️	button	circle	record	record button	ボタン	丸	録画	録音	録音録画ボタン
⏏️	button	eject	eject button	イジェクト	ボタン	取り出し	取り出しボタン
🎦	camera	cinema	film	movie	カメラ	動画	映画	映画館
🔅	brightness	button	dim	low	dim button	ブライトネス	低輝度	明るさ	暗い	輝度
🔆	bright	brightness	button	light	bright button	ブライトネス	明るい	明るさ	輝度	高輝度
📶	antenna	bar	bars	cell	communication	mobile	phone	signal	telephone	antenna bars	アンテナマーク	スマートフォン	スマホ	圏内	携帯電話	電波
🛜	broadband	computer	connectivity	hotspot	internet	network	router	smartphone	wi-fi	wifi	wireless	wlan	Wi-Fi	インターネット	スマホ	ネットワーク	ブロードバンド	ホットスポット	接続	無線	無線LAN	電波
📳	cell	communication	mobile	mode	phone	telephone	vibration	vibration mode	スマートフォン	スマホ	マナーモード	携帯	携帯電話
📴	cell	mobile	off	phone	telephone	mobile phone off	オフ	スマートフォン	スマホ	携帯電話	携帯電話電源オフ	電源オフ
♀️	female	sign	woman	female sign	シンボル	女	女性	女性のマーク
♂️	male	man	sign	male sign	シンボル	男	男性	男性のマーク
⚧️	symbol	transgender	transgender symbol	LGBT	TG	シンボル	トランスジェンダーのマーク	性別
✖️	×	cancel	multiplication	multiply	sign	x	キャンセル	バツ	ペケ	乗算	掛け算	記号
➕	+	plus	プラス	加算	記号	足し算	足す
➖	-	−	heavy	math	minus	sign	マイナス	引き算	引く	減算	計算	記号
➗	÷	divide	division	heavy	math	sign	/	割り算	割る	記号	除算
🟰	answer	equal	equality	equals	heavy	math	sign	heavy equals sign	イコール	太字の等号	数学	等しい	等号
♾️	forever	infinity	unbounded	universal	万物	永遠	無限	無限大
‼️	!	!!	bangbang	double	exclamation	mark	punctuation	double exclamation mark	エクスクラメーションマーク	びっくりマーク	二重感嘆符	感嘆符	約物	記号
⁉️	!	!?	?	exclamation	interrobang	mark	punctuation	question	exclamation question mark	はてなマーク	びっくりマーク	感嘆符疑問符	記号
❓	?	mark	punctuation	question	red	red question mark	クエスチョンマーク	はてなマーク	疑問符	約物	記号	赤い疑問符
❔	?	mark	outlined	punctuation	question	white	white question mark	クエスチョンマーク	はてなマーク	疑問符	白い疑問符	約物	記号
❕	!	exclamation	mark	outlined	punctuation	white	white exclamation mark	エクスクラメーションマーク	びっくりマーク	疑問符	白い感嘆符	約物	記号
❗	!	exclamation	mark	punctuation	red	red exclamation mark	エクスクラメーションマーク	びっくりマーク	感嘆符	約物	記号	赤い感嘆符
〰️	dash	punctuation	wavy	wavy dash	波	波線	約物	記号
💱	bank	currency	exchange	money	currency exchange	お金	ドル	ドル円	両替	円	円ドル	外貨両替	通貨
💲	billion	cash	charge	currency	dollar	heavy	million	money	pay	sign	heavy dollar sign	お金	ドル	ドル記号	通貨
⚕️	aesculapius	medical	medicine	staff	symbol	medical symbol	アスクレピオスの杖	医療	医療のシンボル	医者	治療
♻️	recycle	recycling	symbol	recycling symbol	リサイクル	リサイクルマーク	再利用	再生
⚜️	fleur-de-lis	knights	エンブレム	フランス王家	フルール・ド・リス	ユリ	紋章
🔱	anchor	emblem	poseidon	ship	tool	trident	trident emblem	エンブレム	トライデント	三つ又	海
📛	badge	name	name badge	バッジ	保育園	保育所	名札	幼稚園
🔰	beginner	chevron	green	Japanese	leaf	symbol	tool	yellow	Japanese symbol for beginner	初心者	初心者マーク	若葉マーク
⭕	circle	heavy	hollow	large	o	red	hollow red circle	円	太い丸	記号	赤い丸	輪
✅	✓	button	check	checked	checkmark	complete	completed	done	fixed	mark	tick	check mark button	チェック	チェックマーク	済	白抜きのチェック	記号
☑️	✓	ballot	box	check	checked	done	off	tick	check box with check	チェック	チェックボックス	チェックマーク	済	記号
✔️	✓	check	checked	checkmark	done	heavy	mark	tick	check mark	チェック	チェックマーク	太字のチェック	済	記号
❌	×	cancel	cross	mark	multiplication	multiply	x	cross mark	キャンセル	バツ	ペケ	乗算	掛け算	記号
❎	×	button	cross	mark	multiplication	multiply	square	x	cross mark button	キャンセル	バツ	ペケ	乗算	掛け算	白抜きのバツ	記号
➰	curl	curly	loop	curly loop	ループ	記号	輪っか	長音
➿	curl	curly	double	loop	double curly loop	ダブルループ	フリーダイヤル	ループ	記号	輪っか
〽️	alternation	mark	part	part alternation mark	いおりてん	庵点	歌記号	約物	記号
✳️	*	asterisk	eight-spoked	eight-spoked asterisk	アスタリスク	八角アスタリスク	約物	記号
✴️	*	eight-pointed	star	eight-pointed star	八角星	星	約物	記号
❇️	*	sparkle	アスタリスク	キラキラ	スパークル	約物	記号
©️	C	copyright	Cマーク	コピーライト	著作権	著作権マーク	記号
®️	R	registered	Rマーク	登録商標	登録商標マーク	記号
™️	mark	TM	trade	trademark	trade mark	TMマーク	トレードマーク	商標	商標マーク	記号
🫟	drip	holi	ink	liquid	mess	paint	spill	splatter	stain	しぶき	スプラッシュ	ペンキ	飛び散り	飛沫	飛び散ったペンキ
#️⃣	keycap	keycap: #	囲み数字	囲み数字: #
*️⃣	keycap	keycap: *	囲み数字	囲み数字: *
0️⃣	0	keycap	zero	keycap: 0	囲み数字	囲み数字: 0
1️⃣	1	keycap	one	keycap: 1	一	囲み数字	囲み数字: 1
2️⃣	2	keycap	two	keycap: 2	二	囲み数字	囲み数字: 2
3️⃣	3	keycap	three	keycap: 3	三	囲み数字	囲み数字: 3
4️⃣	4	four	keycap	keycap: 4	四	囲み数字	囲み数字: 4
5️⃣	5	five	keycap	keycap: 5	五	囲み数字	囲み数字: 5
6️⃣	6	keycap	six	keycap: 6	六	囲み数字	囲み数字: 6
7️⃣	7	keycap	seven	keycap: 7	七	囲み数字	囲み数字: 7
8️⃣	8	eight	keycap	keycap: 8	八	囲み数字	囲み数字: 8
9️⃣	9	keycap	nine	keycap: 9	九	囲み数字	囲み数字: 9
🔟	keycap	keycap: 10	囲み数字	囲み数字: 10
🔠	ABCD	input	latin	letters	uppercase	input latin uppercase	アルファベット	ローマ字	入力	大文字	英大文字の入力	英字
🔡	abcd	input	latin	letters	lowercase	input latin lowercase	アルファベット	ローマ字	入力	小文字	英字	英小文字の入力
🔢	1234	input	numbers	input numbers	入力	数字	数字の入力
🔣	&	%	♪	〒	input	symbols	input symbols	〒♪&%	入力	記号	記号の入力
🔤	abc	alphabet	input	latin	letters	input latin letters	アルファベット	ローマ字	入力	英字	英字の入力
🅰️	blood	button	type	A button (blood type)	A型	血液型	血液型A型
🆎	AB	blood	button	type	AB button (blood type)	AB型	血液型	血液型AB型
🅱️	B	blood	button	type	B button (blood type)	B型	血液型	血液型B型
🆑	button	CL	CL button	CLマーク	クリア
🆒	button	COOL	COOL button	COOLマーク	クール
🆓	button	FREE	FREE button	FREEマーク	タダ	フリー	無料
ℹ️	I	information	i	iマーク	インフォメーション	情報	案内所
🆔	button	ID	identity	ID button	IDマーク	アイディー
Ⓜ️	circle	circled	M	circled M	丸	丸いMマーク
🆕	button	NEW	NEW button	NEWマーク	新	新しい
🆖	button	NG	NG button	NGマーク	エヌジー	ボツ
🅾️	blood	button	O	type	O button (blood type)	O型	血液型	血液型O型
🆗	button	OK	okay	OK button	OKマーク	オーケー	オッケー
🅿️	button	P	parking	P button	Pマーク	パーキング	駐車場
🆘	button	help	SOS	SOS button	SOSマーク	エスオーエス	助けて
🆙	button	mark	UP	UP!	UP! button	UPマーク	アップ	更新
🆚	button	versus	VS	VS button	VSマーク	ヴァーサス	ヴィエス	バーサス	ブイエス	対
🈁	button	here	Japanese	katakana	Japanese “here” button	ここ	ココ	ココのマーク
🈂️	button	charge	Japanese	katakana	service	Japanese “service charge” button	サ	サービス料	サのマーク
🈷️	amount	button	ideograph	Japanese	monthly	Japanese “monthly amount” button	月	月マーク	月極	月額
🈶	button	charge	free	ideograph	Japanese	not	Japanese “not free of charge” button	有	有マーク	有料	有限
🈯	button	ideograph	Japanese	reserved	Japanese “reserved” button	指	指マーク	指定席
🉐	bargain	button	ideograph	Japanese	Japanese “bargain” button	お得	バーゲン	マル得	得
🈹	button	discount	ideograph	Japanese	Japanese “discount” button	ディスカウント	割	割マーク	割引
🈚	button	charge	free	ideograph	Japanese	Japanese “free of charge” button	タダ	無	無マーク	無料
🈲	button	ideograph	Japanese	prohibited	Japanese “prohibited” button	厳禁	禁	禁マーク	禁止
🉑	acceptable	button	ideograph	Japanese	Japanese “acceptable” button	可	可マーク	可能	許可
🈸	application	button	ideograph	Japanese	Japanese “application” button	申	申し込み	申マーク	申請
🈴	button	grade	ideograph	Japanese	passing	Japanese “passing grade” button	合	合マーク	合格
🈳	button	ideograph	Japanese	vacancy	Japanese “vacancy” button	空	空き	空マーク	空室	空席
㊗️	button	congratulations	ideograph	Japanese	Japanese “congratulations” button	おめでとう	お祝い	祝	祝マーク
㊙️	button	ideograph	Japanese	secret	Japanese “secret” button	マル秘	極秘	社外秘	秘	秘密
🈺	business	button	ideograph	Japanese	open	Japanese “open for business” button	営	営マーク	営業中	営業日
🈵	button	ideograph	Japanese	no	vacancy	Japanese “no vacancy” button	満マーク	満員	満室	満席	満車
🔴	circle	geometric	red	red circle	丸	丸いボタン	赤	赤い丸
🟠	circle	orange	orange circle	オレンジ	オレンジの丸	丸	丸いボタン
🟡	circle	yellow	yellow circle	丸	丸いボタン	黄色	黄色い丸
🟢	circle	green	green circle	丸	丸いボタン	緑	緑の丸
🔵	blue	circle	geometric	blue circle	丸	丸いボタン	青	青い丸
🟣	circle	purple	purple circle	丸	丸いボタン	紫	紫の丸
🟤	brown	circle	brown circle	丸	丸いボタン	茶色	茶色の丸
⚫	black	circle	geometric	black circle	丸	丸いボタン	黒	黒い丸	黒丸
⚪	circle	geometric	white	white circle	丸	丸いボタン	白	白い丸
🟥	card	penalty	red	square	red square	四角	正方形	赤	赤い四角
🟧	orange	square	orange square	オレンジ	オレンジの四角	四角	正方形
🟨	card	penalty	square	yellow	yellow square	四角	正方形	黄色	黄色い四角
🟩	green	square	green square	四角	正方形	緑	緑の四角
🟦	blue	square	blue square	四角	正方形	青	青い四角
🟪	purple	square	purple square	四角	正方形	紫	紫の四角
🟫	brown	square	brown square	四角	正方形	茶色	茶色い四角
⬛	black	geometric	large	square	black large square	四角	正方形	黒	黒四角特大
⬜	geometric	large	square	white	white large square	四角	正方形	白	白四角特大
◼️	black	geometric	medium	square	black medium square	四角	正方形	黒	黒四角大
◻️	geometric	medium	square	white	white medium square	四角	正方形	白	白四角大
◾	black	geometric	medium-small	square	black medium-small square	四角	正方形	黒	黒四角中
◽	geometric	medium-small	square	white	white medium-small square	四角	正方形	白	白四角中
▪️	black	geometric	small	square	black small square	四角	正方形	黒	黒四角小
▫️	geometric	small	square	white	white small square	四角	正方形	白	白四角小
🔶	diamond	geometric	large	orange	large orange diamond	オレンジ	ダイア	ダイヤ	ひし形	四角	大きいオレンジのひし形
🔷	blue	diamond	geometric	large	large blue diamond	ダイア	ダイヤ	ひし形	四角	大きい青のひし形	青
🔸	diamond	geometric	orange	small	small orange diamond	オレンジ	ダイア	ダイヤ	ひし形	四角	小さいオレンジのひし形
🔹	blue	diamond	geometric	small	small blue diamond	ダイア	ダイヤ	ひし形	四角	小さい青のひし形	青
🔺	geometric	pointed	red	triangle	up	red triangle pointed up	三角	上	赤	赤い上三角
🔻	down	geometric	pointed	red	triangle	red triangle pointed down	三角	下	赤	赤い下三角
💠	comic	diamond	dot	geometric	diamond with a dot	ダイア	ダイヤ	ドット付きひし形	ひし形
🔘	button	geometric	radio	radio button	ボタン	ラジオボタン	二重丸
🔳	button	geometric	outlined	square	white	white square button	ボタン	四角ボタン	正方形	白枠四角
🔲	black	button	geometric	square	black square button	ボタン	四角ボタン	正方形	黒枠四角
🏁	checkered	chequered	finish	flag	flags	game	race	racing	sport	win	chequered flag	スポーツ	チェッカーフラッグ	フラグ	フラッグ	レーシング	レース	勝利	旗
🚩	construction	flag	golf	post	triangular	triangular flag	ゴルフ	スポーツ	フラグ	フラッグ	三角の旗	建築	旗
🎌	celebration	cross	crossed	flags	Japanese	crossed flags	フラグ	フラッグ	交差した旗	旗	日の丸	日本	祝日	祝日の旗
🏴	black	flag	waving	black flag	フラグ	フラッグ	旗	黒	黒旗
🏳️	flag	waving	white	white flag	フラグ	フラッグ	旗	白	白旗
🏳️‍🌈	bisexual	flag	gay	genderqueer	glbt	glbtq	lesbian	lgbt	lgbtq	lgbtqia	pride	queer	rainbow	trans	transgender	rainbow flag	GLBT	LGBT	LGBTQ	LGBTQIA	ゲイ	トランスジェンダー	バイセクシュアル	プライド	フラグ	レズビアン	虹色の旗	レインボーフラッグ
🏳️‍⚧️	blue	flag	light	pink	transgender	white	transgender flag	LGBT	TG	トランスジェンダー	トランスジェンダーフラッグ	フラグ	フラッグ	旗
🏴‍☠️	flag	Jolly	pirate	plunder	Roger	treasure	pirate flag	ジョリー・ロジャー	宝物	海賊	海賊旗	略奪
🇦🇨	flag	flag: Ascension Island	旗	旗: アセンション島
🇦🇩	flag	flag: Andorra	旗	旗: アンドラ
🇦🇪	flag	flag: United Arab Emirates	旗	旗: アラブ首長国連邦
🇦🇫	flag	flag: Afghanistan	旗	旗: アフガニスタン
🇦🇬	flag	flag: Antigua & Barbuda	旗	旗: アンティグア・バーブーダ
🇦🇮	flag	flag: Anguilla	旗	旗: アンギラ
🇦🇱	flag	flag: Albania	旗	旗: アルバニア
🇦🇲	flag	flag: Armenia	旗	旗: アルメニア
🇦🇴	flag	flag: Angola	旗	旗: アンゴラ
🇦🇶	flag	flag: Antarctica	旗	旗: 南極
🇦🇷	flag	flag: Argentina	旗	旗: アルゼンチン
🇦🇸	flag	flag: American Samoa	旗	旗: 米領サモア
🇦🇹	flag	flag: Austria	旗	旗: オーストリア
🇦🇺	flag	flag: Australia	旗	旗: オーストラリア
🇦🇼	flag	flag: Aruba	旗	旗: アルバ
🇦🇽	flag	flag: Åland Islands	旗	旗: オーランド諸島
🇦🇿	flag	flag: Azerbaijan	旗	旗: アゼルバイジャン
🇧🇦	flag	flag: Bosnia & Herzegovina	旗	旗: ボスニア・ヘルツェゴビナ
🇧🇧	flag	flag: Barbados	旗	旗: バルバドス
🇧🇩	flag	flag: Bangladesh	旗	旗: バングラデシュ
🇧🇪	flag	flag: Belgium	旗	旗: ベルギー
🇧🇫	flag	flag: Burkina Faso	旗	旗: ブルキナファソ
🇧🇬	flag	flag: Bulgaria	旗	旗: ブルガリア
🇧🇭	flag	flag: Bahrain	旗	旗: バーレーン
🇧🇮	flag	flag: Burundi	旗	旗: ブルンジ
🇧🇯	flag	flag: Benin	旗	旗: ベナン
🇧🇱	flag	flag: St. Barthélemy	旗	旗: サン・バルテルミー
🇧🇲	flag	flag: Bermuda	旗	旗: バミューダ
🇧🇳	flag	flag: Brunei	旗	旗: ブルネイ
🇧🇴	flag	flag: Bolivia	旗	旗: ボリビア
🇧🇶	flag	flag: Caribbean Netherlands	旗	旗: オランダ領カリブ
🇧🇷	flag	flag: Brazil	旗	旗: ブラジル
🇧🇸	flag	flag: Bahamas	旗	旗: バハマ
🇧🇹	flag	flag: Bhutan	旗	旗: ブータン
🇧🇻	flag	flag: Bouvet Island	旗	旗: ブーベ島
🇧🇼	flag	flag: Botswana	旗	旗: ボツワナ
🇧🇾	flag	flag: Belarus	旗	旗: ベラルーシ
🇧🇿	flag	flag: Belize	旗	旗: ベリーズ
🇨🇦	flag	flag: Canada	旗	旗: カナダ
🇨🇨	flag	flag: Cocos (Keeling) Islands	旗	旗: ココス(キーリング)諸島
🇨🇩	flag	flag: Congo - Kinshasa	旗	旗: コンゴ民主共和国(キンシャサ)
🇨🇫	flag	flag: Central African Republic	旗	旗: 中央アフリカ共和国
🇨🇬	flag	flag: Congo - Brazzaville	旗	旗: コンゴ共和国(ブラザビル)
🇨🇭	flag	flag: Switzerland	旗	旗: スイス
🇨🇮	flag	flag: Côte d’Ivoire	旗	旗: コートジボワール
🇨🇰	flag	flag: Cook Islands	旗	旗: クック諸島
🇨🇱	flag	flag: Chile	旗	旗: チリ
🇨🇲	flag	flag: Cameroon	旗	旗: カメルーン
🇨🇳	flag	flag: China	旗	旗: 中国
🇨🇴	flag	flag: Colombia	旗	旗: コロンビア
🇨🇵	flag	flag: Clipperton Island	旗	旗: クリッパートン島
🇨🇶	flag	flag: Sark	旗	旗: サーク島
🇨🇷	flag	flag: Costa Rica	旗	旗: コスタリカ
🇨🇺	flag	flag: Cuba	旗	旗: キューバ
🇨🇻	flag	flag: Cape Verde	旗	旗: カーボベルデ
🇨🇼	flag	flag: Curaçao	旗	旗: キュラソー
🇨🇽	flag	flag: Christmas Island	旗	旗: クリスマス島
🇨🇾	flag	flag: Cyprus	旗	旗: キプロス
🇨🇿	flag	flag: Czechia	旗	旗: チェコ
🇩🇪	flag	flag: Germany	旗	旗: ドイツ
🇩🇬	flag	flag: Diego Garcia	旗	旗: ディエゴガルシア島
🇩🇯	flag	flag: Djibouti	旗	旗: ジブチ
🇩🇰	flag	flag: Denmark	旗	旗: デンマーク
🇩🇲	flag	flag: Dominica	旗	旗: ドミニカ国
🇩🇴	flag	flag: Dominican Republic	旗	旗: ドミニカ共和国
🇩🇿	flag	flag: Algeria	旗	旗: アルジェリア
🇪🇦	flag	flag: Ceuta & Melilla	旗	旗: セウタ・メリリャ
🇪🇨	flag	flag: Ecuador	旗	旗: エクアドル
🇪🇪	flag	flag: Estonia	旗	旗: エストニア
🇪🇬	flag	flag: Egypt	旗	旗: エジプト
🇪🇭	flag	flag: Western Sahara	旗	旗: 西サハラ
🇪🇷	flag	flag: Eritrea	旗	旗: エリトリア
🇪🇸	flag	flag: Spain	旗	旗: スペイン
🇪🇹	flag	flag: Ethiopia	旗	旗: エチオピア
🇪🇺	flag	flag: European Union	旗	旗: 欧州連合
🇫🇮	flag	flag: Finland	旗	旗: フィンランド
🇫🇯	flag	flag: Fiji	旗	旗: フィジー
🇫🇰	flag	flag: Falkland Islands	旗	旗: フォークランド諸島
🇫🇲	flag	flag: Micronesia	旗	旗: ミクロネシア連邦
🇫🇴	flag	flag: Faroe Islands	旗	旗: フェロー諸島
🇫🇷	flag	flag: France	旗	旗: フランス
🇬🇦	flag	flag: Gabon	旗	旗: ガボン
🇬🇧	flag	flag: United Kingdom	旗	旗: イギリス
🇬🇩	flag	flag: Grenada	旗	旗: グレナダ
🇬🇪	flag	flag: Georgia	旗	旗: ジョージア
🇬🇫	flag	flag: French Guiana	旗	旗: 仏領ギアナ
🇬🇬	flag	flag: Guernsey	旗	旗: ガーンジー
🇬🇭	flag	flag: Ghana	旗	旗: ガーナ
🇬🇮	flag	flag: Gibraltar	旗	旗: ジブラルタル
🇬🇱	flag	flag: Greenland	旗	旗: グリーンランド
🇬🇲	flag	flag: Gambia	旗	旗: ガンビア
🇬🇳	flag	flag: Guinea	旗	旗: ギニア
🇬🇵	flag	flag: Guadeloupe	旗	旗: グアドループ
🇬🇶	flag	flag: Equatorial Guinea	旗	旗: 赤道ギニア
🇬🇷	flag	flag: Greece	旗	旗: ギリシャ
🇬🇸	flag	flag: South Georgia & South Sandwich Islands	旗	旗: サウスジョージア・サウスサンドウィッチ諸島
🇬🇹	flag	flag: Guatemala	旗	旗: グアテマラ
🇬🇺	flag	flag: Guam	旗	旗: グアム
🇬🇼	flag	flag: Guinea-Bissau	旗	旗: ギニアビサウ
🇬🇾	flag	flag: Guyana	旗	旗: ガイアナ
🇭🇰	flag	flag: Hong Kong SAR China	旗	旗: 中華人民共和国香港特別行政区
🇭🇲	flag	flag: Heard & McDonald Islands	旗	旗: ハード島・マクドナルド諸島
🇭🇳	flag	flag: Honduras	旗	旗: ホンジュラス
🇭🇷	flag	flag: Croatia	旗	旗: クロアチア
🇭🇹	flag	flag: Haiti	旗	旗: ハイチ
🇭🇺	flag	flag: Hungary	旗	旗: ハンガリー
🇮🇨	flag	flag: Canary Islands	旗	旗: カナリア諸島
🇮🇩	flag	flag: Indonesia	旗	旗: インドネシア
🇮🇪	flag	flag: Ireland	旗	旗: アイルランド
🇮🇱	flag	flag: Israel	旗	旗: イスラエル
🇮🇲	flag	flag: Isle of Man	旗	旗: マン島
🇮🇳	flag	flag: India	旗	旗: インド
🇮🇴	flag	flag: British Indian Ocean Territory	旗	旗: 英領インド洋地域
🇮🇶	flag	flag: Iraq	旗	旗: イラク
🇮🇷	flag	flag: Iran	旗	旗: イラン
🇮🇸	flag	flag: Iceland	旗	旗: アイスランド
🇮🇹	flag	flag: Italy	旗	旗: イタリア
🇯🇪	flag	flag: Jersey	旗	旗: ジャージー
🇯🇲	flag	flag: Jamaica	旗	旗: ジャマイカ
🇯🇴	flag	flag: Jordan	旗	旗: ヨルダン
🇯🇵	flag	flag: Japan	旗	旗: 日本
🇰🇪	flag	flag: Kenya	旗	旗: ケニア
🇰🇬	flag	flag: Kyrgyzstan	旗	旗: キルギス
🇰🇭	flag	flag: Cambodia	旗	旗: カンボジア
🇰🇮	flag	flag: Kiribati	旗	旗: キリバス
🇰🇲	flag	flag: Comoros	旗	旗: コモロ
🇰🇳	flag	flag: St. Kitts & Nevis	旗	旗: セントクリストファー・ネーヴィス
🇰🇵	flag	flag: North Korea	旗	旗: 北朝鮮
🇰🇷	flag	flag: South Korea	旗	旗: 韓国
🇰🇼	flag	flag: Kuwait	旗	旗: クウェート
🇰🇾	flag	flag: Cayman Islands	旗	旗: ケイマン諸島
🇰🇿	flag	flag: Kazakhstan	旗	旗: カザフスタン
🇱🇦	flag	flag: Laos	旗	旗: ラオス
🇱🇧	flag	flag: Lebanon	旗	旗: レバノン
🇱🇨	flag	flag: St. Lucia	旗	旗: セントルシア
🇱🇮	flag	flag: Liechtenstein	旗	旗: リヒテンシュタイン
🇱🇰	flag	flag: Sri Lanka	旗	旗: スリランカ
🇱🇷	flag	flag: Liberia	旗	旗: リベリア
🇱🇸	flag	flag: Lesotho	旗	旗: レソト
🇱🇹	flag	flag: Lithuania	旗	旗: リトアニア
🇱🇺	flag	flag: Luxembourg	旗	旗: ルクセンブルク
🇱🇻	flag	flag: Latvia	旗	旗: ラトビア
🇱🇾	flag	flag: Libya	旗	旗: リビア
🇲🇦	flag	flag: Morocco	旗	旗: モロッコ
🇲🇨	flag	flag: Monaco	旗	旗: モナコ
🇲🇩	flag	flag: Moldova	旗	旗: モルドバ
🇲🇪	flag	flag: Montenegro	旗	旗: モンテネグロ
🇲🇫	flag	flag: St. Martin	旗	旗: サン・マルタン
🇲🇬	flag	flag: Madagascar	旗	旗: マダガスカル
🇲🇭	flag	flag: Marshall Islands	旗	旗: マーシャル諸島
🇲🇰	flag	flag: North Macedonia	旗	旗: 北マケドニア
🇲🇱	flag	flag: Mali	旗	旗: マリ
🇲🇲	flag	flag: Myanmar (Burma)	旗	旗: ミャンマー (ビルマ)
🇲🇳	flag	flag: Mongolia	旗	旗: モンゴル
🇲🇴	flag	flag: Macao SAR China	旗	旗: 中華人民共和国マカオ特別行政区
🇲🇵	flag	flag: Northern Mariana Islands	旗	旗: 北マリアナ諸島
🇲🇶	flag	flag: Martinique	旗	旗: マルティニーク
🇲🇷	flag	flag: Mauritania	旗	旗: モーリタニア
🇲🇸	flag	flag: Montserrat	旗	旗: モントセラト
🇲🇹	flag	flag: Malta	旗	旗: マルタ
🇲🇺	flag	flag: Mauritius	旗	旗: モーリシャス
🇲🇻	flag	flag: Maldives	旗	旗: モルディブ
🇲🇼	flag	flag: Malawi	旗	旗: マラウイ
🇲🇽	flag	flag: Mexico	旗	旗: メキシコ
🇲🇾	flag	flag: Malaysia	旗	旗: マレーシア
🇲🇿	flag	flag: Mozambique	旗	旗: モザンビーク
🇳🇦	flag	flag: Namibia	旗	旗: ナミビア
🇳🇨	flag	flag: New Caledonia	旗	旗: ニューカレドニア
🇳🇪	flag	flag: Niger	旗	旗: ニジェール
🇳🇫	flag	flag: Norfolk Island	旗	旗: ノーフォーク島
🇳🇬	flag	flag: Nigeria	旗	旗: ナイジェリア
🇳🇮	flag	flag: Nicaragua	旗	旗: ニカラグア
🇳🇱	flag	flag: Netherlands	旗	旗: オランダ
🇳🇴	flag	flag: Norway	旗	旗: ノルウェー
🇳🇵	flag	flag: Nepal	旗	旗: ネパール
🇳🇷	flag	flag: Nauru	旗	旗: ナウル
🇳🇺	flag	flag: Niue	旗	旗: ニウエ
🇳🇿	flag	flag: New Zealand	旗	旗: ニュージーランド
🇴🇲	flag	flag: Oman	旗	旗: オマーン
🇵🇦	flag	flag: Panama	旗	旗: パナマ
🇵🇪	flag	flag: Peru	旗	旗: ペルー
🇵🇫	flag	flag: French Polynesia	旗	旗: 仏領ポリネシア
🇵🇬	flag	flag: Papua New Guinea	旗	旗: パプアニューギニア
🇵🇭	flag	flag: Philippines	旗	旗: フィリピン
🇵🇰	flag	flag: Pakistan	旗	旗: パキスタン
🇵🇱	flag	flag: Poland	旗	旗: ポーランド
🇵🇲	flag	flag: St. Pierre & Miquelon	旗	旗: サンピエール島・ミクロン島
🇵🇳	flag	flag: Pitcairn Islands	旗	旗: ピトケアン諸島
🇵🇷	flag	flag: Puerto Rico	旗	旗: プエルトリコ
🇵🇸	flag	flag: Palestinian Territories	旗	旗: パレスチナ自治区
🇵🇹	flag	flag: Portugal	旗	旗: ポルトガル
🇵🇼	flag	flag: Palau	旗	旗: パラオ
🇵🇾	flag	flag: Paraguay	旗	旗: パラグアイ
🇶🇦	flag	flag: Qatar	旗	旗: カタール
🇷🇪	flag	flag: Réunion	旗	旗: レユニオン
🇷🇴	flag	flag: Romania	旗	旗: ルーマニア
🇷🇸	flag	flag: Serbia	旗	旗: セルビア
🇷🇺	flag	flag: Russia	旗	旗: ロシア
🇷🇼	flag	flag: Rwanda	旗	旗: ルワンダ
🇸🇦	flag	flag: Saudi Arabia	旗	旗: サウジアラビア
🇸🇧	flag	flag: Solomon Islands	旗	旗: ソロモン諸島
🇸🇨	flag	flag: Seychelles	旗	旗: セーシェル
🇸🇩	flag	flag: Sudan	旗	旗: スーダン
🇸🇪	flag	flag: Sweden	旗	旗: スウェーデン
🇸🇬	flag	flag: Singapore	旗	旗: シンガポール
🇸🇭	flag	flag: St. Helena	旗	旗: セントヘレナ
🇸🇮	flag	flag: Slovenia	旗	旗: スロベニア
🇸🇯	flag	flag: Svalbard & Jan Mayen	旗	旗: スバールバル諸島・ヤンマイエン島
🇸🇰	flag	flag: Slovakia	旗	旗: スロバキア
🇸🇱	flag	flag: Sierra Leone	旗	旗: シエラレオネ
🇸🇲	flag	flag: San Marino	旗	旗: サンマリノ
🇸🇳	flag	flag: Senegal	旗	旗: セネガル
🇸🇴	flag	flag: Somalia	旗	旗: ソマリア
🇸🇷	flag	flag: Suriname	旗	旗: スリナム
🇸🇸	flag	flag: South Sudan	旗	旗: 南スーダン
🇸🇹	flag	flag: São Tomé & Príncipe	旗	旗: サントメ・プリンシペ
🇸🇻	flag	flag: El Salvador	旗	旗: エルサルバドル
🇸🇽	flag	flag: Sint Maarten	旗	旗: シント・マールテン
🇸🇾	flag	flag: Syria	旗	旗: シリア
🇸🇿	flag	flag: Eswatini	旗	旗: エスワティニ
🇹🇦	flag	flag: Tristan da Cunha	旗	旗: トリスタン・ダ・クーニャ
🇹🇨	flag	flag: Turks & Caicos Islands	旗	旗: タークス・カイコス諸島
🇹🇩	flag	flag: Chad	旗	旗: チャド
🇹🇫	flag	flag: French Southern Territories	旗	旗: 仏領極南諸島
🇹🇬	flag	flag: Togo	旗	旗: トーゴ
🇹🇭	flag	flag: Thailand	旗	旗: タイ
🇹🇯	flag	flag: Tajikistan	旗	旗: タジキスタン
🇹🇰	flag	flag: Tokelau	旗	旗: トケラウ
🇹🇱	flag	flag: Timor-Leste	旗	旗: 東ティモール
🇹🇲	flag	flag: Turkmenistan	旗	旗: トルクメニスタン
🇹🇳	flag	flag: Tunisia	旗	旗: チュニジア
🇹🇴	flag	flag: Tonga	旗	旗: トンガ
🇹🇷	flag	flag: Türkiye	旗	旗: トルコ
🇹🇹	flag	flag: Trinidad & Tobago	旗	旗: トリニダード・トバゴ
🇹🇻	flag	flag: Tuvalu	旗	旗: ツバル
🇹🇼	flag	flag: Taiwan	旗	旗: 台湾
🇹🇿	flag	flag: Tanzania	旗	旗: タンザニア
🇺🇦	flag	flag: Ukraine	旗	旗: ウクライナ
🇺🇬	flag	flag: Uganda	旗	旗: ウガンダ
🇺🇲	flag	flag: U.S. Outlying Islands	旗	旗: 合衆国領有小離島
🇺🇳	flag	flag: United Nations	旗	旗: 国際連合
🇺🇸	flag	flag: United States	旗	旗: アメリカ合衆国
🇺🇾	flag	flag: Uruguay	旗	旗: ウルグアイ
🇺🇿	flag	flag: Uzbekistan	旗	旗: ウズベキスタン
🇻🇦	flag	flag: Vatican City	旗	旗: バチカン市国
🇻🇨	flag	flag: St. Vincent & Grenadines	旗	旗: セントビンセント及びグレナディーン諸島
🇻🇪	flag	flag: Venezuela	旗	旗: ベネズエラ
🇻🇬	flag	flag: British Virgin Islands	旗	旗: 英領ヴァージン諸島
🇻🇮	flag	flag: U.S. Virgin Islands	旗	旗: 米領ヴァージン諸島
🇻🇳	flag	flag: Vietnam	旗	旗: ベトナム
🇻🇺	flag	flag: Vanuatu	旗	旗: バヌアツ
🇼🇫	flag	flag: Wallis & Futuna	旗	旗: ウォリス・フツナ
🇼🇸	flag	flag: Samoa	旗	旗: サモア
🇽🇰	flag	flag: Kosovo	旗	旗: コソボ
🇾🇪	flag	flag: Yemen	旗	旗: イエメン
🇾🇹	flag	flag: Mayotte	旗	旗: マヨット
🇿🇦	flag	flag: South Africa	旗	旗: 南アフリカ
🇿🇲	flag	flag: Zambia	旗	旗: ザンビア
🇿🇼	flag	flag: Zimbabwe	旗	旗: ジンバブエ
🏴󠁧󠁢󠁥󠁮󠁧󠁿	flag	flag: England	旗	旗: イングランド
🏴󠁧󠁢󠁳󠁣󠁴󠁿	flag	flag: Scotland	旗	旗: スコットランド
🏴󠁧󠁢󠁷󠁬󠁳󠁿	flag	flag: Wales	旗	旗: ウェールズ
